[2025-11-15 12:48:56,264] INFO Registered kafka:type=kafka.Log4jController MBean (kafka.utils.Log4jControllerRegistration$)
[2025-11-15 12:48:56,857] INFO Setting -D jdk.tls.rejectClientInitiatedRenegotiation=true to disable client-initiated TLS renegotiation (org.apache.zookeeper.common.X509Util)
[2025-11-15 12:48:56,932] INFO Registered signal handlers for TERM, INT, HUP (org.apache.kafka.common.utils.LoggingSignalHandler)
[2025-11-15 12:48:56,939] INFO starting (kafka.server.KafkaServer)
[2025-11-15 12:48:56,940] INFO Connecting to zookeeper on localhost:2181 (kafka.server.KafkaServer)
[2025-11-15 12:48:56,961] INFO [ZooKeeperClient Kafka server] Initializing a new session to localhost:2181. (kafka.zookeeper.ZooKeeperClient)
[2025-11-15 12:48:56,968] INFO Client environment:zookeeper.version=3.5.8-f439ca583e70862c3068a1f2a7d4d068eec33315, built on 05/04/2020 15:53 GMT (org.apache.zookeeper.ZooKeeper)
[2025-11-15 12:48:56,968] INFO Client environment:host.name=6de06094b9f1 (org.apache.zookeeper.ZooKeeper)
[2025-11-15 12:48:56,968] INFO Client environment:java.version=11.0.27 (org.apache.zookeeper.ZooKeeper)
[2025-11-15 12:48:56,968] INFO Client environment:java.vendor=Ubuntu (org.apache.zookeeper.ZooKeeper)
[2025-11-15 12:48:56,968] INFO Client environment:java.home=/usr/lib/jvm/java-11-openjdk-amd64 (org.apache.zookeeper.ZooKeeper)
[2025-11-15 12:48:56,968] INFO Client environment:java.class.path=/kafka_2.12-2.7.0/bin/../libs/activation-1.1.1.jar:/kafka_2.12-2.7.0/bin/../libs/aopalliance-repackaged-2.6.1.jar:/kafka_2.12-2.7.0/bin/../libs/argparse4j-0.7.0.jar:/kafka_2.12-2.7.0/bin/../libs/audience-annotations-0.5.0.jar:/kafka_2.12-2.7.0/bin/../libs/commons-cli-1.4.jar:/kafka_2.12-2.7.0/bin/../libs/commons-lang3-3.8.1.jar:/kafka_2.12-2.7.0/bin/../libs/connect-api-2.7.0.jar:/kafka_2.12-2.7.0/bin/../libs/connect-basic-auth-extension-2.7.0.jar:/kafka_2.12-2.7.0/bin/../libs/connect-file-2.7.0.jar:/kafka_2.12-2.7.0/bin/../libs/connect-json-2.7.0.jar:/kafka_2.12-2.7.0/bin/../libs/connect-mirror-2.7.0.jar:/kafka_2.12-2.7.0/bin/../libs/connect-mirror-client-2.7.0.jar:/kafka_2.12-2.7.0/bin/../libs/connect-runtime-2.7.0.jar:/kafka_2.12-2.7.0/bin/../libs/connect-transforms-2.7.0.jar:/kafka_2.12-2.7.0/bin/../libs/hk2-api-2.6.1.jar:/kafka_2.12-2.7.0/bin/../libs/hk2-locator-2.6.1.jar:/kafka_2.12-2.7.0/bin/../libs/hk2-utils-2.6.1.jar:/kafka_2.12-2.7.0/bin/../libs/jackson-annotations-2.10.5.jar:/kafka_2.12-2.7.0/bin/../libs/jackson-core-2.10.5.jar:/kafka_2.12-2.7.0/bin/../libs/jackson-databind-2.10.5.1.jar:/kafka_2.12-2.7.0/bin/../libs/jackson-dataformat-csv-2.10.5.jar:/kafka_2.12-2.7.0/bin/../libs/jackson-datatype-jdk8-2.10.5.jar:/kafka_2.12-2.7.0/bin/../libs/jackson-jaxrs-base-2.10.5.jar:/kafka_2.12-2.7.0/bin/../libs/jackson-jaxrs-json-provider-2.10.5.jar:/kafka_2.12-2.7.0/bin/../libs/jackson-module-jaxb-annotations-2.10.5.jar:/kafka_2.12-2.7.0/bin/../libs/jackson-module-paranamer-2.10.5.jar:/kafka_2.12-2.7.0/bin/../libs/jackson-module-scala_2.12-2.10.5.jar:/kafka_2.12-2.7.0/bin/../libs/jakarta.activation-api-1.2.1.jar:/kafka_2.12-2.7.0/bin/../libs/jakarta.annotation-api-1.3.5.jar:/kafka_2.12-2.7.0/bin/../libs/jakarta.inject-2.6.1.jar:/kafka_2.12-2.7.0/bin/../libs/jakarta.validation-api-2.0.2.jar:/kafka_2.12-2.7.0/bin/../libs/jakarta.ws.rs-api-2.1.6.jar:/kafka_2.12-2.7.0/bin/../libs/jakarta.xml.bind-api-2.3.2.jar:/kafka_2.12-2.7.0/bin/../libs/javassist-3.25.0-GA.jar:/kafka_2.12-2.7.0/bin/../libs/javassist-3.26.0-GA.jar:/kafka_2.12-2.7.0/bin/../libs/javax.servlet-api-3.1.0.jar:/kafka_2.12-2.7.0/bin/../libs/javax.ws.rs-api-2.1.1.jar:/kafka_2.12-2.7.0/bin/../libs/jaxb-api-2.3.0.jar:/kafka_2.12-2.7.0/bin/../libs/jersey-client-2.31.jar:/kafka_2.12-2.7.0/bin/../libs/jersey-common-2.31.jar:/kafka_2.12-2.7.0/bin/../libs/jersey-container-servlet-2.31.jar:/kafka_2.12-2.7.0/bin/../libs/jersey-container-servlet-core-2.31.jar:/kafka_2.12-2.7.0/bin/../libs/jersey-hk2-2.31.jar:/kafka_2.12-2.7.0/bin/../libs/jersey-media-jaxb-2.31.jar:/kafka_2.12-2.7.0/bin/../libs/jersey-server-2.31.jar:/kafka_2.12-2.7.0/bin/../libs/jetty-client-9.4.33.v20201020.jar:/kafka_2.12-2.7.0/bin/../libs/jetty-continuation-9.4.33.v20201020.jar:/kafka_2.12-2.7.0/bin/../libs/jetty-http-9.4.33.v20201020.jar:/kafka_2.12-2.7.0/bin/../libs/jetty-io-9.4.33.v20201020.jar:/kafka_2.12-2.7.0/bin/../libs/jetty-security-9.4.33.v20201020.jar:/kafka_2.12-2.7.0/bin/../libs/jetty-server-9.4.33.v20201020.jar:/kafka_2.12-2.7.0/bin/../libs/jetty-servlet-9.4.33.v20201020.jar:/kafka_2.12-2.7.0/bin/../libs/jetty-servlets-9.4.33.v20201020.jar:/kafka_2.12-2.7.0/bin/../libs/jetty-util-9.4.33.v20201020.jar:/kafka_2.12-2.7.0/bin/../libs/jopt-simple-5.0.4.jar:/kafka_2.12-2.7.0/bin/../libs/kafka-clients-2.7.0.jar:/kafka_2.12-2.7.0/bin/../libs/kafka-log4j-appender-2.7.0.jar:/kafka_2.12-2.7.0/bin/../libs/kafka-raft-2.7.0.jar:/kafka_2.12-2.7.0/bin/../libs/kafka-streams-2.7.0.jar:/kafka_2.12-2.7.0/bin/../libs/kafka-streams-examples-2.7.0.jar:/kafka_2.12-2.7.0/bin/../libs/kafka-streams-scala_2.12-2.7.0.jar:/kafka_2.12-2.7.0/bin/../libs/kafka-streams-test-utils-2.7.0.jar:/kafka_2.12-2.7.0/bin/../libs/kafka-tools-2.7.0.jar:/kafka_2.12-2.7.0/bin/../libs/kafka_2.12-2.7.0-sources.jar:/kafka_2.12-2.7.0/bin/../libs/kafka_2.12-2.7.0.jar:/kafka_2.12-2.7.0/bin/../libs/log4j-1.2.17.jar:/kafka_2.12-2.7.0/bin/../libs/lz4-java-1.7.1.jar:/kafka_2.12-2.7.0/bin/../libs/maven-artifact-3.6.3.jar:/kafka_2.12-2.7.0/bin/../libs/metrics-core-2.2.0.jar:/kafka_2.12-2.7.0/bin/../libs/netty-buffer-4.1.51.Final.jar:/kafka_2.12-2.7.0/bin/../libs/netty-codec-4.1.51.Final.jar:/kafka_2.12-2.7.0/bin/../libs/netty-common-4.1.51.Final.jar:/kafka_2.12-2.7.0/bin/../libs/netty-handler-4.1.51.Final.jar:/kafka_2.12-2.7.0/bin/../libs/netty-resolver-4.1.51.Final.jar:/kafka_2.12-2.7.0/bin/../libs/netty-transport-4.1.51.Final.jar:/kafka_2.12-2.7.0/bin/../libs/netty-transport-native-epoll-4.1.51.Final.jar:/kafka_2.12-2.7.0/bin/../libs/netty-transport-native-unix-common-4.1.51.Final.jar:/kafka_2.12-2.7.0/bin/../libs/osgi-resource-locator-1.0.3.jar:/kafka_2.12-2.7.0/bin/../libs/paranamer-2.8.jar:/kafka_2.12-2.7.0/bin/../libs/plexus-utils-3.2.1.jar:/kafka_2.12-2.7.0/bin/../libs/reflections-0.9.12.jar:/kafka_2.12-2.7.0/bin/../libs/rocksdbjni-5.18.4.jar:/kafka_2.12-2.7.0/bin/../libs/scala-collection-compat_2.12-2.2.0.jar:/kafka_2.12-2.7.0/bin/../libs/scala-java8-compat_2.12-0.9.1.jar:/kafka_2.12-2.7.0/bin/../libs/scala-library-2.12.12.jar:/kafka_2.12-2.7.0/bin/../libs/scala-logging_2.12-3.9.2.jar:/kafka_2.12-2.7.0/bin/../libs/scala-reflect-2.12.12.jar:/kafka_2.12-2.7.0/bin/../libs/slf4j-api-1.7.30.jar:/kafka_2.12-2.7.0/bin/../libs/slf4j-log4j12-1.7.30.jar:/kafka_2.12-2.7.0/bin/../libs/snappy-java-1.1.7.7.jar:/kafka_2.12-2.7.0/bin/../libs/zookeeper-3.5.8.jar:/kafka_2.12-2.7.0/bin/../libs/zookeeper-jute-3.5.8.jar:/kafka_2.12-2.7.0/bin/../libs/zstd-jni-1.4.5-6.jar (org.apache.zookeeper.ZooKeeper)
[2025-11-15 12:48:56,973] INFO Client environment:java.library.path=/usr/java/packages/lib:/usr/lib/x86_64-linux-gnu/jni:/lib/x86_64-linux-gnu:/usr/lib/x86_64-linux-gnu:/usr/lib/jni:/lib:/usr/lib (org.apache.zookeeper.ZooKeeper)
[2025-11-15 12:48:56,973] INFO Client environment:java.io.tmpdir=/tmp (org.apache.zookeeper.ZooKeeper)
[2025-11-15 12:48:56,973] INFO Client environment:java.compiler=<NA> (org.apache.zookeeper.ZooKeeper)
[2025-11-15 12:48:56,973] INFO Client environment:os.name=Linux (org.apache.zookeeper.ZooKeeper)
[2025-11-15 12:48:56,973] INFO Client environment:os.arch=amd64 (org.apache.zookeeper.ZooKeeper)
[2025-11-15 12:48:56,973] INFO Client environment:os.version=5.4.0-1106-gcp (org.apache.zookeeper.ZooKeeper)
[2025-11-15 12:48:56,973] INFO Client environment:user.name=root (org.apache.zookeeper.ZooKeeper)
[2025-11-15 12:48:56,973] INFO Client environment:user.home=/root (org.apache.zookeeper.ZooKeeper)
[2025-11-15 12:48:56,974] INFO Client environment:user.dir=/kafka_2.12-2.7.0 (org.apache.zookeeper.ZooKeeper)
[2025-11-15 12:48:56,974] INFO Client environment:os.memory.free=981MB (org.apache.zookeeper.ZooKeeper)
[2025-11-15 12:48:56,974] INFO Client environment:os.memory.max=1024MB (org.apache.zookeeper.ZooKeeper)
[2025-11-15 12:48:56,974] INFO Client environment:os.memory.total=1024MB (org.apache.zookeeper.ZooKeeper)
[2025-11-15 12:48:56,982] INFO Initiating client connection, connectString=localhost:2181 sessionTimeout=18000 watcher=kafka.zookeeper.ZooKeeperClient$ZooKeeperClientWatcher$@24c22fe (org.apache.zookeeper.ZooKeeper)
[2025-11-15 12:48:56,989] INFO jute.maxbuffer value is 4194304 Bytes (org.apache.zookeeper.ClientCnxnSocket)
[2025-11-15 12:48:56,994] INFO zookeeper.request.timeout value is 0. feature enabled= (org.apache.zookeeper.ClientCnxn)
[2025-11-15 12:48:57,006] INFO Opening socket connection to server localhost/127.0.0.1:2181. Will not attempt to authenticate using SASL (unknown error) (org.apache.zookeeper.ClientCnxn)
[2025-11-15 12:48:57,022] INFO [ZooKeeperClient Kafka server] Waiting until connected. (kafka.zookeeper.ZooKeeperClient)
[2025-11-15 12:48:57,023] INFO Socket connection established, initiating session, client: /127.0.0.1:57304, server: localhost/127.0.0.1:2181 (org.apache.zookeeper.ClientCnxn)
[2025-11-15 12:48:57,065] INFO Session establishment complete on server localhost/127.0.0.1:2181, sessionid = 0x10000a2344f0000, negotiated timeout = 18000 (org.apache.zookeeper.ClientCnxn)
[2025-11-15 12:48:57,067] INFO [ZooKeeperClient Kafka server] Connected. (kafka.zookeeper.ZooKeeperClient)
[2025-11-15 12:48:57,210] INFO [feature-zk-node-event-process-thread]: Starting (kafka.server.FinalizedFeatureChangeListener$ChangeNotificationProcessorThread)
[2025-11-15 12:48:57,217] INFO Feature ZK node at path: /feature does not exist (kafka.server.FinalizedFeatureChangeListener)
[2025-11-15 12:48:57,217] INFO Cleared cache (kafka.server.FinalizedFeatureCache)
[2025-11-15 12:48:57,443] INFO Cluster ID = P3vAWA-oQHCKjLelFmxUVA (kafka.server.KafkaServer)
[2025-11-15 12:48:57,453] WARN No meta.properties file under dir /tmp/kafka-logs/meta.properties (kafka.server.BrokerMetadataCheckpoint)
[2025-11-15 12:48:57,617] INFO KafkaConfig values: 
	advertised.host.name = null
	advertised.listeners = PLAINTEXT://192.168.30.6:9092
	advertised.port = null
	alter.config.policy.class.name = null
	alter.log.dirs.replication.quota.window.num = 11
	alter.log.dirs.replication.quota.window.size.seconds = 1
	authorizer.class.name = 
	auto.create.topics.enable = true
	auto.leader.rebalance.enable = true
	background.threads = 10
	broker.id = 0
	broker.id.generation.enable = true
	broker.rack = null
	client.quota.callback.class = null
	compression.type = producer
	connection.failed.authentication.delay.ms = 100
	connections.max.idle.ms = 600000
	connections.max.reauth.ms = 0
	control.plane.listener.name = null
	controlled.shutdown.enable = true
	controlled.shutdown.max.retries = 3
	controlled.shutdown.retry.backoff.ms = 5000
	controller.quota.window.num = 11
	controller.quota.window.size.seconds = 1
	controller.socket.timeout.ms = 30000
	create.topic.policy.class.name = null
	default.replication.factor = 1
	delegation.token.expiry.check.interval.ms = 3600000
	delegation.token.expiry.time.ms = 86400000
	delegation.token.master.key = null
	delegation.token.max.lifetime.ms = 604800000
	delete.records.purgatory.purge.interval.requests = 1
	delete.topic.enable = true
	fetch.max.bytes = 57671680
	fetch.purgatory.purge.interval.requests = 1000
	group.initial.rebalance.delay.ms = 0
	group.max.session.timeout.ms = 1800000
	group.max.size = 2147483647
	group.min.session.timeout.ms = 6000
	host.name = 
	inter.broker.listener.name = null
	inter.broker.protocol.version = 2.7-IV2
	kafka.metrics.polling.interval.secs = 10
	kafka.metrics.reporters = []
	leader.imbalance.check.interval.seconds = 300
	leader.imbalance.per.broker.percentage = 10
	listener.security.protocol.map = PLAINTEXT:PLAINTEXT,SSL:SSL,SASL_PLAINTEXT:SASL_PLAINTEXT,SASL_SSL:SASL_SSL
	listeners = null
	log.cleaner.backoff.ms = 15000
	log.cleaner.dedupe.buffer.size = 134217728
	log.cleaner.delete.retention.ms = 86400000
	log.cleaner.enable = true
	log.cleaner.io.buffer.load.factor = 0.9
	log.cleaner.io.buffer.size = 524288
	log.cleaner.io.max.bytes.per.second = 1.7976931348623157E308
	log.cleaner.max.compaction.lag.ms = 9223372036854775807
	log.cleaner.min.cleanable.ratio = 0.5
	log.cleaner.min.compaction.lag.ms = 0
	log.cleaner.threads = 1
	log.cleanup.policy = [delete]
	log.dir = /tmp/kafka-logs
	log.dirs = /tmp/kafka-logs
	log.flush.interval.messages = 9223372036854775807
	log.flush.interval.ms = null
	log.flush.offset.checkpoint.interval.ms = 60000
	log.flush.scheduler.interval.ms = 9223372036854775807
	log.flush.start.offset.checkpoint.interval.ms = 60000
	log.index.interval.bytes = 4096
	log.index.size.max.bytes = 10485760
	log.message.downconversion.enable = true
	log.message.format.version = 2.7-IV2
	log.message.timestamp.difference.max.ms = 9223372036854775807
	log.message.timestamp.type = CreateTime
	log.preallocate = false
	log.retention.bytes = -1
	log.retention.check.interval.ms = 300000
	log.retention.hours = 168
	log.retention.minutes = null
	log.retention.ms = null
	log.roll.hours = 168
	log.roll.jitter.hours = 0
	log.roll.jitter.ms = null
	log.roll.ms = null
	log.segment.bytes = 1073741824
	log.segment.delete.delay.ms = 60000
	max.connection.creation.rate = 2147483647
	max.connections = 2147483647
	max.connections.per.ip = 2147483647
	max.connections.per.ip.overrides = 
	max.incremental.fetch.session.cache.slots = 1000
	message.max.bytes = 1048588
	metric.reporters = []
	metrics.num.samples = 2
	metrics.recording.level = INFO
	metrics.sample.window.ms = 30000
	min.insync.replicas = 1
	num.io.threads = 8
	num.network.threads = 3
	num.partitions = 1
	num.recovery.threads.per.data.dir = 1
	num.replica.alter.log.dirs.threads = null
	num.replica.fetchers = 1
	offset.metadata.max.bytes = 4096
	offsets.commit.required.acks = -1
	offsets.commit.timeout.ms = 5000
	offsets.load.buffer.size = 5242880
	offsets.retention.check.interval.ms = 600000
	offsets.retention.minutes = 10080
	offsets.topic.compression.codec = 0
	offsets.topic.num.partitions = 50
	offsets.topic.replication.factor = 1
	offsets.topic.segment.bytes = 104857600
	password.encoder.cipher.algorithm = AES/CBC/PKCS5Padding
	password.encoder.iterations = 4096
	password.encoder.key.length = 128
	password.encoder.keyfactory.algorithm = null
	password.encoder.old.secret = null
	password.encoder.secret = null
	port = 9092
	principal.builder.class = null
	producer.purgatory.purge.interval.requests = 1000
	queued.max.request.bytes = -1
	queued.max.requests = 500
	quota.consumer.default = 9223372036854775807
	quota.producer.default = 9223372036854775807
	quota.window.num = 11
	quota.window.size.seconds = 1
	replica.fetch.backoff.ms = 1000
	replica.fetch.max.bytes = 1048576
	replica.fetch.min.bytes = 1
	replica.fetch.response.max.bytes = 10485760
	replica.fetch.wait.max.ms = 500
	replica.high.watermark.checkpoint.interval.ms = 5000
	replica.lag.time.max.ms = 30000
	replica.selector.class = null
	replica.socket.receive.buffer.bytes = 65536
	replica.socket.timeout.ms = 30000
	replication.quota.window.num = 11
	replication.quota.window.size.seconds = 1
	request.timeout.ms = 30000
	reserved.broker.max.id = 1000
	sasl.client.callback.handler.class = null
	sasl.enabled.mechanisms = [GSSAPI]
	sasl.jaas.config = null
	sasl.kerberos.kinit.cmd = /usr/bin/kinit
	sasl.kerberos.min.time.before.relogin = 60000
	sasl.kerberos.principal.to.local.rules = [DEFAULT]
	sasl.kerberos.service.name = null
	sasl.kerberos.ticket.renew.jitter = 0.05
	sasl.kerberos.ticket.renew.window.factor = 0.8
	sasl.login.callback.handler.class = null
	sasl.login.class = null
	sasl.login.refresh.buffer.seconds = 300
	sasl.login.refresh.min.period.seconds = 60
	sasl.login.refresh.window.factor = 0.8
	sasl.login.refresh.window.jitter = 0.05
	sasl.mechanism.inter.broker.protocol = GSSAPI
	sasl.server.callback.handler.class = null
	security.inter.broker.protocol = PLAINTEXT
	security.providers = null
	socket.connection.setup.timeout.max.ms = 127000
	socket.connection.setup.timeout.ms = 10000
	socket.receive.buffer.bytes = 102400
	socket.request.max.bytes = 104857600
	socket.send.buffer.bytes = 102400
	ssl.cipher.suites = []
	ssl.client.auth = none
	ssl.enabled.protocols = [TLSv1.2, TLSv1.3]
	ssl.endpoint.identification.algorithm = https
	ssl.engine.factory.class = null
	ssl.key.password = null
	ssl.keymanager.algorithm = SunX509
	ssl.keystore.certificate.chain = null
	ssl.keystore.key = null
	ssl.keystore.location = null
	ssl.keystore.password = null
	ssl.keystore.type = JKS
	ssl.principal.mapping.rules = DEFAULT
	ssl.protocol = TLSv1.3
	ssl.provider = null
	ssl.secure.random.implementation = null
	ssl.trustmanager.algorithm = PKIX
	ssl.truststore.certificates = null
	ssl.truststore.location = null
	ssl.truststore.password = null
	ssl.truststore.type = JKS
	transaction.abort.timed.out.transaction.cleanup.interval.ms = 10000
	transaction.max.timeout.ms = 900000
	transaction.remove.expired.transaction.cleanup.interval.ms = 3600000
	transaction.state.log.load.buffer.size = 5242880
	transaction.state.log.min.isr = 1
	transaction.state.log.num.partitions = 50
	transaction.state.log.replication.factor = 1
	transaction.state.log.segment.bytes = 104857600
	transactional.id.expiration.ms = 604800000
	unclean.leader.election.enable = false
	zookeeper.clientCnxnSocket = null
	zookeeper.connect = localhost:2181
	zookeeper.connection.timeout.ms = 18000
	zookeeper.max.in.flight.requests = 10
	zookeeper.session.timeout.ms = 18000
	zookeeper.set.acl = false
	zookeeper.ssl.cipher.suites = null
	zookeeper.ssl.client.enable = false
	zookeeper.ssl.crl.enable = false
	zookeeper.ssl.enabled.protocols = null
	zookeeper.ssl.endpoint.identification.algorithm = HTTPS
	zookeeper.ssl.keystore.location = null
	zookeeper.ssl.keystore.password = null
	zookeeper.ssl.keystore.type = null
	zookeeper.ssl.ocsp.enable = false
	zookeeper.ssl.protocol = TLSv1.2
	zookeeper.ssl.truststore.location = null
	zookeeper.ssl.truststore.password = null
	zookeeper.ssl.truststore.type = null
	zookeeper.sync.time.ms = 2000
 (kafka.server.KafkaConfig)
[2025-11-15 12:48:57,633] INFO KafkaConfig values: 
	advertised.host.name = null
	advertised.listeners = PLAINTEXT://192.168.30.6:9092
	advertised.port = null
	alter.config.policy.class.name = null
	alter.log.dirs.replication.quota.window.num = 11
	alter.log.dirs.replication.quota.window.size.seconds = 1
	authorizer.class.name = 
	auto.create.topics.enable = true
	auto.leader.rebalance.enable = true
	background.threads = 10
	broker.id = 0
	broker.id.generation.enable = true
	broker.rack = null
	client.quota.callback.class = null
	compression.type = producer
	connection.failed.authentication.delay.ms = 100
	connections.max.idle.ms = 600000
	connections.max.reauth.ms = 0
	control.plane.listener.name = null
	controlled.shutdown.enable = true
	controlled.shutdown.max.retries = 3
	controlled.shutdown.retry.backoff.ms = 5000
	controller.quota.window.num = 11
	controller.quota.window.size.seconds = 1
	controller.socket.timeout.ms = 30000
	create.topic.policy.class.name = null
	default.replication.factor = 1
	delegation.token.expiry.check.interval.ms = 3600000
	delegation.token.expiry.time.ms = 86400000
	delegation.token.master.key = null
	delegation.token.max.lifetime.ms = 604800000
	delete.records.purgatory.purge.interval.requests = 1
	delete.topic.enable = true
	fetch.max.bytes = 57671680
	fetch.purgatory.purge.interval.requests = 1000
	group.initial.rebalance.delay.ms = 0
	group.max.session.timeout.ms = 1800000
	group.max.size = 2147483647
	group.min.session.timeout.ms = 6000
	host.name = 
	inter.broker.listener.name = null
	inter.broker.protocol.version = 2.7-IV2
	kafka.metrics.polling.interval.secs = 10
	kafka.metrics.reporters = []
	leader.imbalance.check.interval.seconds = 300
	leader.imbalance.per.broker.percentage = 10
	listener.security.protocol.map = PLAINTEXT:PLAINTEXT,SSL:SSL,SASL_PLAINTEXT:SASL_PLAINTEXT,SASL_SSL:SASL_SSL
	listeners = null
	log.cleaner.backoff.ms = 15000
	log.cleaner.dedupe.buffer.size = 134217728
	log.cleaner.delete.retention.ms = 86400000
	log.cleaner.enable = true
	log.cleaner.io.buffer.load.factor = 0.9
	log.cleaner.io.buffer.size = 524288
	log.cleaner.io.max.bytes.per.second = 1.7976931348623157E308
	log.cleaner.max.compaction.lag.ms = 9223372036854775807
	log.cleaner.min.cleanable.ratio = 0.5
	log.cleaner.min.compaction.lag.ms = 0
	log.cleaner.threads = 1
	log.cleanup.policy = [delete]
	log.dir = /tmp/kafka-logs
	log.dirs = /tmp/kafka-logs
	log.flush.interval.messages = 9223372036854775807
	log.flush.interval.ms = null
	log.flush.offset.checkpoint.interval.ms = 60000
	log.flush.scheduler.interval.ms = 9223372036854775807
	log.flush.start.offset.checkpoint.interval.ms = 60000
	log.index.interval.bytes = 4096
	log.index.size.max.bytes = 10485760
	log.message.downconversion.enable = true
	log.message.format.version = 2.7-IV2
	log.message.timestamp.difference.max.ms = 9223372036854775807
	log.message.timestamp.type = CreateTime
	log.preallocate = false
	log.retention.bytes = -1
	log.retention.check.interval.ms = 300000
	log.retention.hours = 168
	log.retention.minutes = null
	log.retention.ms = null
	log.roll.hours = 168
	log.roll.jitter.hours = 0
	log.roll.jitter.ms = null
	log.roll.ms = null
	log.segment.bytes = 1073741824
	log.segment.delete.delay.ms = 60000
	max.connection.creation.rate = 2147483647
	max.connections = 2147483647
	max.connections.per.ip = 2147483647
	max.connections.per.ip.overrides = 
	max.incremental.fetch.session.cache.slots = 1000
	message.max.bytes = 1048588
	metric.reporters = []
	metrics.num.samples = 2
	metrics.recording.level = INFO
	metrics.sample.window.ms = 30000
	min.insync.replicas = 1
	num.io.threads = 8
	num.network.threads = 3
	num.partitions = 1
	num.recovery.threads.per.data.dir = 1
	num.replica.alter.log.dirs.threads = null
	num.replica.fetchers = 1
	offset.metadata.max.bytes = 4096
	offsets.commit.required.acks = -1
	offsets.commit.timeout.ms = 5000
	offsets.load.buffer.size = 5242880
	offsets.retention.check.interval.ms = 600000
	offsets.retention.minutes = 10080
	offsets.topic.compression.codec = 0
	offsets.topic.num.partitions = 50
	offsets.topic.replication.factor = 1
	offsets.topic.segment.bytes = 104857600
	password.encoder.cipher.algorithm = AES/CBC/PKCS5Padding
	password.encoder.iterations = 4096
	password.encoder.key.length = 128
	password.encoder.keyfactory.algorithm = null
	password.encoder.old.secret = null
	password.encoder.secret = null
	port = 9092
	principal.builder.class = null
	producer.purgatory.purge.interval.requests = 1000
	queued.max.request.bytes = -1
	queued.max.requests = 500
	quota.consumer.default = 9223372036854775807
	quota.producer.default = 9223372036854775807
	quota.window.num = 11
	quota.window.size.seconds = 1
	replica.fetch.backoff.ms = 1000
	replica.fetch.max.bytes = 1048576
	replica.fetch.min.bytes = 1
	replica.fetch.response.max.bytes = 10485760
	replica.fetch.wait.max.ms = 500
	replica.high.watermark.checkpoint.interval.ms = 5000
	replica.lag.time.max.ms = 30000
	replica.selector.class = null
	replica.socket.receive.buffer.bytes = 65536
	replica.socket.timeout.ms = 30000
	replication.quota.window.num = 11
	replication.quota.window.size.seconds = 1
	request.timeout.ms = 30000
	reserved.broker.max.id = 1000
	sasl.client.callback.handler.class = null
	sasl.enabled.mechanisms = [GSSAPI]
	sasl.jaas.config = null
	sasl.kerberos.kinit.cmd = /usr/bin/kinit
	sasl.kerberos.min.time.before.relogin = 60000
	sasl.kerberos.principal.to.local.rules = [DEFAULT]
	sasl.kerberos.service.name = null
	sasl.kerberos.ticket.renew.jitter = 0.05
	sasl.kerberos.ticket.renew.window.factor = 0.8
	sasl.login.callback.handler.class = null
	sasl.login.class = null
	sasl.login.refresh.buffer.seconds = 300
	sasl.login.refresh.min.period.seconds = 60
	sasl.login.refresh.window.factor = 0.8
	sasl.login.refresh.window.jitter = 0.05
	sasl.mechanism.inter.broker.protocol = GSSAPI
	sasl.server.callback.handler.class = null
	security.inter.broker.protocol = PLAINTEXT
	security.providers = null
	socket.connection.setup.timeout.max.ms = 127000
	socket.connection.setup.timeout.ms = 10000
	socket.receive.buffer.bytes = 102400
	socket.request.max.bytes = 104857600
	socket.send.buffer.bytes = 102400
	ssl.cipher.suites = []
	ssl.client.auth = none
	ssl.enabled.protocols = [TLSv1.2, TLSv1.3]
	ssl.endpoint.identification.algorithm = https
	ssl.engine.factory.class = null
	ssl.key.password = null
	ssl.keymanager.algorithm = SunX509
	ssl.keystore.certificate.chain = null
	ssl.keystore.key = null
	ssl.keystore.location = null
	ssl.keystore.password = null
	ssl.keystore.type = JKS
	ssl.principal.mapping.rules = DEFAULT
	ssl.protocol = TLSv1.3
	ssl.provider = null
	ssl.secure.random.implementation = null
	ssl.trustmanager.algorithm = PKIX
	ssl.truststore.certificates = null
	ssl.truststore.location = null
	ssl.truststore.password = null
	ssl.truststore.type = JKS
	transaction.abort.timed.out.transaction.cleanup.interval.ms = 10000
	transaction.max.timeout.ms = 900000
	transaction.remove.expired.transaction.cleanup.interval.ms = 3600000
	transaction.state.log.load.buffer.size = 5242880
	transaction.state.log.min.isr = 1
	transaction.state.log.num.partitions = 50
	transaction.state.log.replication.factor = 1
	transaction.state.log.segment.bytes = 104857600
	transactional.id.expiration.ms = 604800000
	unclean.leader.election.enable = false
	zookeeper.clientCnxnSocket = null
	zookeeper.connect = localhost:2181
	zookeeper.connection.timeout.ms = 18000
	zookeeper.max.in.flight.requests = 10
	zookeeper.session.timeout.ms = 18000
	zookeeper.set.acl = false
	zookeeper.ssl.cipher.suites = null
	zookeeper.ssl.client.enable = false
	zookeeper.ssl.crl.enable = false
	zookeeper.ssl.enabled.protocols = null
	zookeeper.ssl.endpoint.identification.algorithm = HTTPS
	zookeeper.ssl.keystore.location = null
	zookeeper.ssl.keystore.password = null
	zookeeper.ssl.keystore.type = null
	zookeeper.ssl.ocsp.enable = false
	zookeeper.ssl.protocol = TLSv1.2
	zookeeper.ssl.truststore.location = null
	zookeeper.ssl.truststore.password = null
	zookeeper.ssl.truststore.type = null
	zookeeper.sync.time.ms = 2000
 (kafka.server.KafkaConfig)
[2025-11-15 12:48:57,725] INFO [ThrottledChannelReaper-Fetch]: Starting (kafka.server.ClientQuotaManager$ThrottledChannelReaper)
[2025-11-15 12:48:57,729] INFO [ThrottledChannelReaper-Produce]: Starting (kafka.server.ClientQuotaManager$ThrottledChannelReaper)
[2025-11-15 12:48:57,744] INFO [ThrottledChannelReaper-Request]: Starting (kafka.server.ClientQuotaManager$ThrottledChannelReaper)
[2025-11-15 12:48:57,782] INFO Log directory /tmp/kafka-logs not found, creating it. (kafka.log.LogManager)
[2025-11-15 12:48:57,784] INFO [ThrottledChannelReaper-ControllerMutation]: Starting (kafka.server.ClientQuotaManager$ThrottledChannelReaper)
[2025-11-15 12:48:57,789] INFO Loading logs from log dirs ArrayBuffer(/tmp/kafka-logs) (kafka.log.LogManager)
[2025-11-15 12:48:57,791] INFO Attempting recovery for all logs in /tmp/kafka-logs since no clean shutdown file was found (kafka.log.LogManager)
[2025-11-15 12:48:57,809] INFO Loaded 0 logs in 20ms. (kafka.log.LogManager)
[2025-11-15 12:48:57,842] INFO Starting log cleanup with a period of 300000 ms. (kafka.log.LogManager)
[2025-11-15 12:48:57,845] INFO Starting log flusher with a default period of 9223372036854775807 ms. (kafka.log.LogManager)
[2025-11-15 12:48:58,615] INFO Created ConnectionAcceptRate sensor, quotaLimit=2147483647 (kafka.network.ConnectionQuotas)
[2025-11-15 12:48:58,621] INFO Created ConnectionAcceptRate-PLAINTEXT sensor, quotaLimit=2147483647 (kafka.network.ConnectionQuotas)
[2025-11-15 12:48:58,635] INFO Updated PLAINTEXT max connection creation rate to 2147483647 (kafka.network.ConnectionQuotas)
[2025-11-15 12:48:58,638] INFO Awaiting socket connections on 0.0.0.0:9092. (kafka.network.Acceptor)
[2025-11-15 12:48:58,719] INFO [SocketServer brokerId=0] Created data-plane acceptor and processors for endpoint : ListenerName(PLAINTEXT) (kafka.network.SocketServer)
[2025-11-15 12:48:58,785] INFO [ExpirationReaper-0-Produce]: Starting (kafka.server.DelayedOperationPurgatory$ExpiredOperationReaper)
[2025-11-15 12:48:58,786] INFO [ExpirationReaper-0-Fetch]: Starting (kafka.server.DelayedOperationPurgatory$ExpiredOperationReaper)
[2025-11-15 12:48:58,786] INFO [ExpirationReaper-0-DeleteRecords]: Starting (kafka.server.DelayedOperationPurgatory$ExpiredOperationReaper)
[2025-11-15 12:48:58,815] INFO [ExpirationReaper-0-ElectLeader]: Starting (kafka.server.DelayedOperationPurgatory$ExpiredOperationReaper)
[2025-11-15 12:48:58,833] INFO [LogDirFailureHandler]: Starting (kafka.server.ReplicaManager$LogDirFailureHandler)
[2025-11-15 12:48:58,851] INFO [broker-0-to-controller-send-thread]: Starting (kafka.server.BrokerToControllerRequestThread)
[2025-11-15 12:48:58,872] INFO Creating /brokers/ids/0 (is it secure? false) (kafka.zk.KafkaZkClient)
[2025-11-15 12:48:58,897] INFO Stat of the created znode at /brokers/ids/0 is: 24,24,1763210938886,1763210938886,1,0,0,72058290700222464,208,0,24
 (kafka.zk.KafkaZkClient)
[2025-11-15 12:48:58,898] INFO Registered broker 0 at path /brokers/ids/0 with addresses: PLAINTEXT://192.168.30.6:9092, czxid (broker epoch): 24 (kafka.zk.KafkaZkClient)
[2025-11-15 12:48:58,999] INFO [ExpirationReaper-0-topic]: Starting (kafka.server.DelayedOperationPurgatory$ExpiredOperationReaper)
[2025-11-15 12:48:59,005] INFO [ExpirationReaper-0-Heartbeat]: Starting (kafka.server.DelayedOperationPurgatory$ExpiredOperationReaper)
[2025-11-15 12:48:59,047] INFO [ExpirationReaper-0-Rebalance]: Starting (kafka.server.DelayedOperationPurgatory$ExpiredOperationReaper)
[2025-11-15 12:48:59,069] INFO Successfully created /controller_epoch with initial epoch 0 (kafka.zk.KafkaZkClient)
[2025-11-15 12:48:59,103] INFO Feature ZK node created at path: /feature (kafka.server.FinalizedFeatureChangeListener)
[2025-11-15 12:48:59,132] INFO [GroupCoordinator 0]: Starting up. (kafka.coordinator.group.GroupCoordinator)
[2025-11-15 12:48:59,137] INFO [GroupCoordinator 0]: Startup complete. (kafka.coordinator.group.GroupCoordinator)
[2025-11-15 12:48:59,176] INFO [ProducerId Manager 0]: Acquired new producerId block (brokerId:0,blockStartProducerId:0,blockEndProducerId:999) by writing to Zk with path version 1 (kafka.coordinator.transaction.ProducerIdManager)
[2025-11-15 12:48:59,210] INFO [TransactionCoordinator id=0] Starting up. (kafka.coordinator.transaction.TransactionCoordinator)
[2025-11-15 12:48:59,261] INFO Updated cache from existing <empty> to latest FinalizedFeaturesAndEpoch(features=Features{}, epoch=0). (kafka.server.FinalizedFeatureCache)
[2025-11-15 12:48:59,286] INFO [TransactionCoordinator id=0] Startup complete. (kafka.coordinator.transaction.TransactionCoordinator)
[2025-11-15 12:48:59,301] INFO [Transaction Marker Channel Manager 0]: Starting (kafka.coordinator.transaction.TransactionMarkerChannelManager)
[2025-11-15 12:48:59,384] INFO [ExpirationReaper-0-AlterAcls]: Starting (kafka.server.DelayedOperationPurgatory$ExpiredOperationReaper)
[2025-11-15 12:48:59,421] INFO [SocketServer brokerId=0] Starting socket server acceptors and processors (kafka.network.SocketServer)
[2025-11-15 12:48:59,491] INFO [/config/changes-event-process-thread]: Starting (kafka.common.ZkNodeChangeNotificationListener$ChangeEventProcessThread)
[2025-11-15 12:48:59,523] INFO [SocketServer brokerId=0] Started data-plane acceptor and processor(s) for endpoint : ListenerName(PLAINTEXT) (kafka.network.SocketServer)
[2025-11-15 12:48:59,523] INFO [SocketServer brokerId=0] Started socket server acceptors and processors (kafka.network.SocketServer)
[2025-11-15 12:48:59,544] INFO Kafka version: 2.7.0 (org.apache.kafka.common.utils.AppInfoParser)
[2025-11-15 12:48:59,544] INFO Kafka commitId: 448719dc99a19793 (org.apache.kafka.common.utils.AppInfoParser)
[2025-11-15 12:48:59,544] INFO Kafka startTimeMs: 1763210939524 (org.apache.kafka.common.utils.AppInfoParser)
[2025-11-15 12:48:59,546] INFO [KafkaServer id=0] started (kafka.server.KafkaServer)
[2025-11-15 12:48:59,653] INFO [broker-0-to-controller-send-thread]: Recorded new controller, from now on will use broker 0 (kafka.server.BrokerToControllerRequestThread)
[2025-11-15 12:49:07,812] INFO Creating topic shared-log with configuration {} and initial partition assignment Map(0 -> ArrayBuffer(0)) (kafka.zk.AdminZkClient)
[2025-11-15 12:49:07,933] INFO [ReplicaFetcherManager on broker 0] Removed fetcher for partitions Set(shared-log-0) (kafka.server.ReplicaFetcherManager)
[2025-11-15 12:49:08,027] INFO [Log partition=shared-log-0, dir=/tmp/kafka-logs] Loading producer state till offset 0 with message format version 2 (kafka.log.Log)
[2025-11-15 12:49:08,049] INFO Created log for partition shared-log-0 in /tmp/kafka-logs/shared-log-0 with properties {compression.type -> producer, min.insync.replicas -> 1, message.downconversion.enable -> true, segment.jitter.ms -> 0, cleanup.policy -> [delete], flush.ms -> 9223372036854775807, retention.ms -> 604800000, segment.bytes -> 1073741824, flush.messages -> 9223372036854775807, message.format.version -> 2.7-IV2, max.compaction.lag.ms -> 9223372036854775807, file.delete.delay.ms -> 60000, max.message.bytes -> 1048588, min.compaction.lag.ms -> 0, message.timestamp.type -> CreateTime, preallocate -> false, index.interval.bytes -> 4096, min.cleanable.dirty.ratio -> 0.5, unclean.leader.election.enable -> false, retention.bytes -> -1, delete.retention.ms -> 86400000, segment.ms -> 604800000, message.timestamp.difference.max.ms -> 9223372036854775807, segment.index.bytes -> 10485760}. (kafka.log.LogManager)
[2025-11-15 12:49:08,051] INFO [Partition shared-log-0 broker=0] No checkpointed highwatermark is found for partition shared-log-0 (kafka.cluster.Partition)
[2025-11-15 12:49:08,051] INFO [Partition shared-log-0 broker=0] Log loaded for partition shared-log-0 with initial high watermark 0 (kafka.cluster.Partition)
[2025-11-15 12:49:09,093] INFO Creating topic __consumer_offsets with configuration {compression.type=producer, cleanup.policy=compact, segment.bytes=104857600} and initial partition assignment Map(23 -> ArrayBuffer(0), 32 -> ArrayBuffer(0), 41 -> ArrayBuffer(0), 17 -> ArrayBuffer(0), 8 -> ArrayBuffer(0), 35 -> ArrayBuffer(0), 44 -> ArrayBuffer(0), 26 -> ArrayBuffer(0), 11 -> ArrayBuffer(0), 29 -> ArrayBuffer(0), 38 -> ArrayBuffer(0), 47 -> ArrayBuffer(0), 20 -> ArrayBuffer(0), 2 -> ArrayBuffer(0), 5 -> ArrayBuffer(0), 14 -> ArrayBuffer(0), 46 -> ArrayBuffer(0), 49 -> ArrayBuffer(0), 40 -> ArrayBuffer(0), 13 -> ArrayBuffer(0), 4 -> ArrayBuffer(0), 22 -> ArrayBuffer(0), 31 -> ArrayBuffer(0), 16 -> ArrayBuffer(0), 7 -> ArrayBuffer(0), 43 -> ArrayBuffer(0), 25 -> ArrayBuffer(0), 34 -> ArrayBuffer(0), 10 -> ArrayBuffer(0), 37 -> ArrayBuffer(0), 1 -> ArrayBuffer(0), 19 -> ArrayBuffer(0), 28 -> ArrayBuffer(0), 45 -> ArrayBuffer(0), 27 -> ArrayBuffer(0), 36 -> ArrayBuffer(0), 18 -> ArrayBuffer(0), 9 -> ArrayBuffer(0), 21 -> ArrayBuffer(0), 48 -> ArrayBuffer(0), 3 -> ArrayBuffer(0), 12 -> ArrayBuffer(0), 30 -> ArrayBuffer(0), 39 -> ArrayBuffer(0), 15 -> ArrayBuffer(0), 42 -> ArrayBuffer(0), 24 -> ArrayBuffer(0), 6 -> ArrayBuffer(0), 33 -> ArrayBuffer(0), 0 -> ArrayBuffer(0)) (kafka.zk.AdminZkClient)
[2025-11-15 12:49:09,125] INFO [KafkaApi-0] Auto creation of topic __consumer_offsets with 50 partitions and replication factor 1 is successful (kafka.server.KafkaApis)
[2025-11-15 12:49:09,400] INFO [ReplicaFetcherManager on broker 0] Removed fetcher for partitions Set(__consumer_offsets-22, __consumer_offsets-30, __consumer_offsets-8, __consumer_offsets-21, __consumer_offsets-4, __consumer_offsets-27, __consumer_offsets-7, __consumer_offsets-9, __consumer_offsets-46, __consumer_offsets-25, __consumer_offsets-35, __consumer_offsets-41, __consumer_offsets-33, __consumer_offsets-23, __consumer_offsets-49, __consumer_offsets-47, __consumer_offsets-16, __consumer_offsets-28, __consumer_offsets-31, __consumer_offsets-36, __consumer_offsets-42, __consumer_offsets-3, __consumer_offsets-18, __consumer_offsets-37, __consumer_offsets-15, __consumer_offsets-24, __consumer_offsets-38, __consumer_offsets-17, __consumer_offsets-48, __consumer_offsets-19, __consumer_offsets-11, __consumer_offsets-13, __consumer_offsets-2, __consumer_offsets-43, __consumer_offsets-6, __consumer_offsets-14, __consumer_offsets-20, __consumer_offsets-0, __consumer_offsets-44, __consumer_offsets-39, __consumer_offsets-12, __consumer_offsets-45, __consumer_offsets-1, __consumer_offsets-5, __consumer_offsets-26, __consumer_offsets-29, __consumer_offsets-34, __consumer_offsets-10, __consumer_offsets-32, __consumer_offsets-40) (kafka.server.ReplicaFetcherManager)
[2025-11-15 12:49:09,405] INFO [Log partition=__consumer_offsets-0, dir=/tmp/kafka-logs] Loading producer state till offset 0 with message format version 2 (kafka.log.Log)
[2025-11-15 12:49:09,408] INFO Created log for partition __consumer_offsets-0 in /tmp/kafka-logs/__consumer_offsets-0 with properties {compression.type -> producer, min.insync.replicas -> 1, message.downconversion.enable -> true, segment.jitter.ms -> 0, cleanup.policy -> compact, flush.ms -> 9223372036854775807, retention.ms -> 604800000, segment.bytes -> 104857600, flush.messages -> 9223372036854775807, message.format.version -> 2.7-IV2, max.compaction.lag.ms -> 9223372036854775807, file.delete.delay.ms -> 60000, max.message.bytes -> 1048588, min.compaction.lag.ms -> 0, message.timestamp.type -> CreateTime, preallocate -> false, index.interval.bytes -> 4096, min.cleanable.dirty.ratio -> 0.5, unclean.leader.election.enable -> false, retention.bytes -> -1, delete.retention.ms -> 86400000, segment.ms -> 604800000, message.timestamp.difference.max.ms -> 9223372036854775807, segment.index.bytes -> 10485760}. (kafka.log.LogManager)
[2025-11-15 12:49:09,409] INFO [Partition __consumer_offsets-0 broker=0] No checkpointed highwatermark is found for partition __consumer_offsets-0 (kafka.cluster.Partition)
[2025-11-15 12:49:09,411] INFO [Partition __consumer_offsets-0 broker=0] Log loaded for partition __consumer_offsets-0 with initial high watermark 0 (kafka.cluster.Partition)
[2025-11-15 12:49:09,425] INFO [Log partition=__consumer_offsets-29, dir=/tmp/kafka-logs] Loading producer state till offset 0 with message format version 2 (kafka.log.Log)
[2025-11-15 12:49:09,427] INFO Created log for partition __consumer_offsets-29 in /tmp/kafka-logs/__consumer_offsets-29 with properties {compression.type -> producer, min.insync.replicas -> 1, message.downconversion.enable -> true, segment.jitter.ms -> 0, cleanup.policy -> compact, flush.ms -> 9223372036854775807, retention.ms -> 604800000, segment.bytes -> 104857600, flush.messages -> 9223372036854775807, message.format.version -> 2.7-IV2, max.compaction.lag.ms -> 9223372036854775807, file.delete.delay.ms -> 60000, max.message.bytes -> 1048588, min.compaction.lag.ms -> 0, message.timestamp.type -> CreateTime, preallocate -> false, index.interval.bytes -> 4096, min.cleanable.dirty.ratio -> 0.5, unclean.leader.election.enable -> false, retention.bytes -> -1, delete.retention.ms -> 86400000, segment.ms -> 604800000, message.timestamp.difference.max.ms -> 9223372036854775807, segment.index.bytes -> 10485760}. (kafka.log.LogManager)
[2025-11-15 12:49:09,427] INFO [Partition __consumer_offsets-29 broker=0] No checkpointed highwatermark is found for partition __consumer_offsets-29 (kafka.cluster.Partition)
[2025-11-15 12:49:09,427] INFO [Partition __consumer_offsets-29 broker=0] Log loaded for partition __consumer_offsets-29 with initial high watermark 0 (kafka.cluster.Partition)
[2025-11-15 12:49:09,442] INFO [Log partition=__consumer_offsets-48, dir=/tmp/kafka-logs] Loading producer state till offset 0 with message format version 2 (kafka.log.Log)
[2025-11-15 12:49:09,443] INFO Created log for partition __consumer_offsets-48 in /tmp/kafka-logs/__consumer_offsets-48 with properties {compression.type -> producer, min.insync.replicas -> 1, message.downconversion.enable -> true, segment.jitter.ms -> 0, cleanup.policy -> compact, flush.ms -> 9223372036854775807, retention.ms -> 604800000, segment.bytes -> 104857600, flush.messages -> 9223372036854775807, message.format.version -> 2.7-IV2, max.compaction.lag.ms -> 9223372036854775807, file.delete.delay.ms -> 60000, max.message.bytes -> 1048588, min.compaction.lag.ms -> 0, message.timestamp.type -> CreateTime, preallocate -> false, index.interval.bytes -> 4096, min.cleanable.dirty.ratio -> 0.5, unclean.leader.election.enable -> false, retention.bytes -> -1, delete.retention.ms -> 86400000, segment.ms -> 604800000, message.timestamp.difference.max.ms -> 9223372036854775807, segment.index.bytes -> 10485760}. (kafka.log.LogManager)
[2025-11-15 12:49:09,443] INFO [Partition __consumer_offsets-48 broker=0] No checkpointed highwatermark is found for partition __consumer_offsets-48 (kafka.cluster.Partition)
[2025-11-15 12:49:09,443] INFO [Partition __consumer_offsets-48 broker=0] Log loaded for partition __consumer_offsets-48 with initial high watermark 0 (kafka.cluster.Partition)
[2025-11-15 12:49:09,453] INFO [Log partition=__consumer_offsets-10, dir=/tmp/kafka-logs] Loading producer state till offset 0 with message format version 2 (kafka.log.Log)
[2025-11-15 12:49:09,454] INFO Created log for partition __consumer_offsets-10 in /tmp/kafka-logs/__consumer_offsets-10 with properties {compression.type -> producer, min.insync.replicas -> 1, message.downconversion.enable -> true, segment.jitter.ms -> 0, cleanup.policy -> compact, flush.ms -> 9223372036854775807, retention.ms -> 604800000, segment.bytes -> 104857600, flush.messages -> 9223372036854775807, message.format.version -> 2.7-IV2, max.compaction.lag.ms -> 9223372036854775807, file.delete.delay.ms -> 60000, max.message.bytes -> 1048588, min.compaction.lag.ms -> 0, message.timestamp.type -> CreateTime, preallocate -> false, index.interval.bytes -> 4096, min.cleanable.dirty.ratio -> 0.5, unclean.leader.election.enable -> false, retention.bytes -> -1, delete.retention.ms -> 86400000, segment.ms -> 604800000, message.timestamp.difference.max.ms -> 9223372036854775807, segment.index.bytes -> 10485760}. (kafka.log.LogManager)
[2025-11-15 12:49:09,454] INFO [Partition __consumer_offsets-10 broker=0] No checkpointed highwatermark is found for partition __consumer_offsets-10 (kafka.cluster.Partition)
[2025-11-15 12:49:09,458] INFO [Partition __consumer_offsets-10 broker=0] Log loaded for partition __consumer_offsets-10 with initial high watermark 0 (kafka.cluster.Partition)
[2025-11-15 12:49:09,473] INFO [Log partition=__consumer_offsets-45, dir=/tmp/kafka-logs] Loading producer state till offset 0 with message format version 2 (kafka.log.Log)
[2025-11-15 12:49:09,474] INFO Created log for partition __consumer_offsets-45 in /tmp/kafka-logs/__consumer_offsets-45 with properties {compression.type -> producer, min.insync.replicas -> 1, message.downconversion.enable -> true, segment.jitter.ms -> 0, cleanup.policy -> compact, flush.ms -> 9223372036854775807, retention.ms -> 604800000, segment.bytes -> 104857600, flush.messages -> 9223372036854775807, message.format.version -> 2.7-IV2, max.compaction.lag.ms -> 9223372036854775807, file.delete.delay.ms -> 60000, max.message.bytes -> 1048588, min.compaction.lag.ms -> 0, message.timestamp.type -> CreateTime, preallocate -> false, index.interval.bytes -> 4096, min.cleanable.dirty.ratio -> 0.5, unclean.leader.election.enable -> false, retention.bytes -> -1, delete.retention.ms -> 86400000, segment.ms -> 604800000, message.timestamp.difference.max.ms -> 9223372036854775807, segment.index.bytes -> 10485760}. (kafka.log.LogManager)
[2025-11-15 12:49:09,474] INFO [Partition __consumer_offsets-45 broker=0] No checkpointed highwatermark is found for partition __consumer_offsets-45 (kafka.cluster.Partition)
[2025-11-15 12:49:09,474] INFO [Partition __consumer_offsets-45 broker=0] Log loaded for partition __consumer_offsets-45 with initial high watermark 0 (kafka.cluster.Partition)
[2025-11-15 12:49:09,486] INFO [Log partition=__consumer_offsets-26, dir=/tmp/kafka-logs] Loading producer state till offset 0 with message format version 2 (kafka.log.Log)
[2025-11-15 12:49:09,488] INFO Created log for partition __consumer_offsets-26 in /tmp/kafka-logs/__consumer_offsets-26 with properties {compression.type -> producer, min.insync.replicas -> 1, message.downconversion.enable -> true, segment.jitter.ms -> 0, cleanup.policy -> compact, flush.ms -> 9223372036854775807, retention.ms -> 604800000, segment.bytes -> 104857600, flush.messages -> 9223372036854775807, message.format.version -> 2.7-IV2, max.compaction.lag.ms -> 9223372036854775807, file.delete.delay.ms -> 60000, max.message.bytes -> 1048588, min.compaction.lag.ms -> 0, message.timestamp.type -> CreateTime, preallocate -> false, index.interval.bytes -> 4096, min.cleanable.dirty.ratio -> 0.5, unclean.leader.election.enable -> false, retention.bytes -> -1, delete.retention.ms -> 86400000, segment.ms -> 604800000, message.timestamp.difference.max.ms -> 9223372036854775807, segment.index.bytes -> 10485760}. (kafka.log.LogManager)
[2025-11-15 12:49:09,488] INFO [Partition __consumer_offsets-26 broker=0] No checkpointed highwatermark is found for partition __consumer_offsets-26 (kafka.cluster.Partition)
[2025-11-15 12:49:09,489] INFO [Partition __consumer_offsets-26 broker=0] Log loaded for partition __consumer_offsets-26 with initial high watermark 0 (kafka.cluster.Partition)
[2025-11-15 12:49:09,504] INFO [Log partition=__consumer_offsets-7, dir=/tmp/kafka-logs] Loading producer state till offset 0 with message format version 2 (kafka.log.Log)
[2025-11-15 12:49:09,505] INFO Created log for partition __consumer_offsets-7 in /tmp/kafka-logs/__consumer_offsets-7 with properties {compression.type -> producer, min.insync.replicas -> 1, message.downconversion.enable -> true, segment.jitter.ms -> 0, cleanup.policy -> compact, flush.ms -> 9223372036854775807, retention.ms -> 604800000, segment.bytes -> 104857600, flush.messages -> 9223372036854775807, message.format.version -> 2.7-IV2, max.compaction.lag.ms -> 9223372036854775807, file.delete.delay.ms -> 60000, max.message.bytes -> 1048588, min.compaction.lag.ms -> 0, message.timestamp.type -> CreateTime, preallocate -> false, index.interval.bytes -> 4096, min.cleanable.dirty.ratio -> 0.5, unclean.leader.election.enable -> false, retention.bytes -> -1, delete.retention.ms -> 86400000, segment.ms -> 604800000, message.timestamp.difference.max.ms -> 9223372036854775807, segment.index.bytes -> 10485760}. (kafka.log.LogManager)
[2025-11-15 12:49:09,505] INFO [Partition __consumer_offsets-7 broker=0] No checkpointed highwatermark is found for partition __consumer_offsets-7 (kafka.cluster.Partition)
[2025-11-15 12:49:09,506] INFO [Partition __consumer_offsets-7 broker=0] Log loaded for partition __consumer_offsets-7 with initial high watermark 0 (kafka.cluster.Partition)
[2025-11-15 12:49:09,524] INFO [Log partition=__consumer_offsets-42, dir=/tmp/kafka-logs] Loading producer state till offset 0 with message format version 2 (kafka.log.Log)
[2025-11-15 12:49:09,525] INFO Created log for partition __consumer_offsets-42 in /tmp/kafka-logs/__consumer_offsets-42 with properties {compression.type -> producer, min.insync.replicas -> 1, message.downconversion.enable -> true, segment.jitter.ms -> 0, cleanup.policy -> compact, flush.ms -> 9223372036854775807, retention.ms -> 604800000, segment.bytes -> 104857600, flush.messages -> 9223372036854775807, message.format.version -> 2.7-IV2, max.compaction.lag.ms -> 9223372036854775807, file.delete.delay.ms -> 60000, max.message.bytes -> 1048588, min.compaction.lag.ms -> 0, message.timestamp.type -> CreateTime, preallocate -> false, index.interval.bytes -> 4096, min.cleanable.dirty.ratio -> 0.5, unclean.leader.election.enable -> false, retention.bytes -> -1, delete.retention.ms -> 86400000, segment.ms -> 604800000, message.timestamp.difference.max.ms -> 9223372036854775807, segment.index.bytes -> 10485760}. (kafka.log.LogManager)
[2025-11-15 12:49:09,525] INFO [Partition __consumer_offsets-42 broker=0] No checkpointed highwatermark is found for partition __consumer_offsets-42 (kafka.cluster.Partition)
[2025-11-15 12:49:09,525] INFO [Partition __consumer_offsets-42 broker=0] Log loaded for partition __consumer_offsets-42 with initial high watermark 0 (kafka.cluster.Partition)
[2025-11-15 12:49:09,532] INFO [Log partition=__consumer_offsets-4, dir=/tmp/kafka-logs] Loading producer state till offset 0 with message format version 2 (kafka.log.Log)
[2025-11-15 12:49:09,533] INFO Created log for partition __consumer_offsets-4 in /tmp/kafka-logs/__consumer_offsets-4 with properties {compression.type -> producer, min.insync.replicas -> 1, message.downconversion.enable -> true, segment.jitter.ms -> 0, cleanup.policy -> compact, flush.ms -> 9223372036854775807, retention.ms -> 604800000, segment.bytes -> 104857600, flush.messages -> 9223372036854775807, message.format.version -> 2.7-IV2, max.compaction.lag.ms -> 9223372036854775807, file.delete.delay.ms -> 60000, max.message.bytes -> 1048588, min.compaction.lag.ms -> 0, message.timestamp.type -> CreateTime, preallocate -> false, index.interval.bytes -> 4096, min.cleanable.dirty.ratio -> 0.5, unclean.leader.election.enable -> false, retention.bytes -> -1, delete.retention.ms -> 86400000, segment.ms -> 604800000, message.timestamp.difference.max.ms -> 9223372036854775807, segment.index.bytes -> 10485760}. (kafka.log.LogManager)
[2025-11-15 12:49:09,533] INFO [Partition __consumer_offsets-4 broker=0] No checkpointed highwatermark is found for partition __consumer_offsets-4 (kafka.cluster.Partition)
[2025-11-15 12:49:09,533] INFO [Partition __consumer_offsets-4 broker=0] Log loaded for partition __consumer_offsets-4 with initial high watermark 0 (kafka.cluster.Partition)
[2025-11-15 12:49:09,544] INFO [Log partition=__consumer_offsets-23, dir=/tmp/kafka-logs] Loading producer state till offset 0 with message format version 2 (kafka.log.Log)
[2025-11-15 12:49:09,545] INFO Created log for partition __consumer_offsets-23 in /tmp/kafka-logs/__consumer_offsets-23 with properties {compression.type -> producer, min.insync.replicas -> 1, message.downconversion.enable -> true, segment.jitter.ms -> 0, cleanup.policy -> compact, flush.ms -> 9223372036854775807, retention.ms -> 604800000, segment.bytes -> 104857600, flush.messages -> 9223372036854775807, message.format.version -> 2.7-IV2, max.compaction.lag.ms -> 9223372036854775807, file.delete.delay.ms -> 60000, max.message.bytes -> 1048588, min.compaction.lag.ms -> 0, message.timestamp.type -> CreateTime, preallocate -> false, index.interval.bytes -> 4096, min.cleanable.dirty.ratio -> 0.5, unclean.leader.election.enable -> false, retention.bytes -> -1, delete.retention.ms -> 86400000, segment.ms -> 604800000, message.timestamp.difference.max.ms -> 9223372036854775807, segment.index.bytes -> 10485760}. (kafka.log.LogManager)
[2025-11-15 12:49:09,545] INFO [Partition __consumer_offsets-23 broker=0] No checkpointed highwatermark is found for partition __consumer_offsets-23 (kafka.cluster.Partition)
[2025-11-15 12:49:09,545] INFO [Partition __consumer_offsets-23 broker=0] Log loaded for partition __consumer_offsets-23 with initial high watermark 0 (kafka.cluster.Partition)
[2025-11-15 12:49:09,552] INFO [Log partition=__consumer_offsets-1, dir=/tmp/kafka-logs] Loading producer state till offset 0 with message format version 2 (kafka.log.Log)
[2025-11-15 12:49:09,553] INFO Created log for partition __consumer_offsets-1 in /tmp/kafka-logs/__consumer_offsets-1 with properties {compression.type -> producer, min.insync.replicas -> 1, message.downconversion.enable -> true, segment.jitter.ms -> 0, cleanup.policy -> compact, flush.ms -> 9223372036854775807, retention.ms -> 604800000, segment.bytes -> 104857600, flush.messages -> 9223372036854775807, message.format.version -> 2.7-IV2, max.compaction.lag.ms -> 9223372036854775807, file.delete.delay.ms -> 60000, max.message.bytes -> 1048588, min.compaction.lag.ms -> 0, message.timestamp.type -> CreateTime, preallocate -> false, index.interval.bytes -> 4096, min.cleanable.dirty.ratio -> 0.5, unclean.leader.election.enable -> false, retention.bytes -> -1, delete.retention.ms -> 86400000, segment.ms -> 604800000, message.timestamp.difference.max.ms -> 9223372036854775807, segment.index.bytes -> 10485760}. (kafka.log.LogManager)
[2025-11-15 12:49:09,553] INFO [Partition __consumer_offsets-1 broker=0] No checkpointed highwatermark is found for partition __consumer_offsets-1 (kafka.cluster.Partition)
[2025-11-15 12:49:09,553] INFO [Partition __consumer_offsets-1 broker=0] Log loaded for partition __consumer_offsets-1 with initial high watermark 0 (kafka.cluster.Partition)
[2025-11-15 12:49:09,561] INFO [Log partition=__consumer_offsets-20, dir=/tmp/kafka-logs] Loading producer state till offset 0 with message format version 2 (kafka.log.Log)
[2025-11-15 12:49:09,562] INFO Created log for partition __consumer_offsets-20 in /tmp/kafka-logs/__consumer_offsets-20 with properties {compression.type -> producer, min.insync.replicas -> 1, message.downconversion.enable -> true, segment.jitter.ms -> 0, cleanup.policy -> compact, flush.ms -> 9223372036854775807, retention.ms -> 604800000, segment.bytes -> 104857600, flush.messages -> 9223372036854775807, message.format.version -> 2.7-IV2, max.compaction.lag.ms -> 9223372036854775807, file.delete.delay.ms -> 60000, max.message.bytes -> 1048588, min.compaction.lag.ms -> 0, message.timestamp.type -> CreateTime, preallocate -> false, index.interval.bytes -> 4096, min.cleanable.dirty.ratio -> 0.5, unclean.leader.election.enable -> false, retention.bytes -> -1, delete.retention.ms -> 86400000, segment.ms -> 604800000, message.timestamp.difference.max.ms -> 9223372036854775807, segment.index.bytes -> 10485760}. (kafka.log.LogManager)
[2025-11-15 12:49:09,562] INFO [Partition __consumer_offsets-20 broker=0] No checkpointed highwatermark is found for partition __consumer_offsets-20 (kafka.cluster.Partition)
[2025-11-15 12:49:09,562] INFO [Partition __consumer_offsets-20 broker=0] Log loaded for partition __consumer_offsets-20 with initial high watermark 0 (kafka.cluster.Partition)
[2025-11-15 12:49:09,579] INFO [Log partition=__consumer_offsets-39, dir=/tmp/kafka-logs] Loading producer state till offset 0 with message format version 2 (kafka.log.Log)
[2025-11-15 12:49:09,580] INFO Created log for partition __consumer_offsets-39 in /tmp/kafka-logs/__consumer_offsets-39 with properties {compression.type -> producer, min.insync.replicas -> 1, message.downconversion.enable -> true, segment.jitter.ms -> 0, cleanup.policy -> compact, flush.ms -> 9223372036854775807, retention.ms -> 604800000, segment.bytes -> 104857600, flush.messages -> 9223372036854775807, message.format.version -> 2.7-IV2, max.compaction.lag.ms -> 9223372036854775807, file.delete.delay.ms -> 60000, max.message.bytes -> 1048588, min.compaction.lag.ms -> 0, message.timestamp.type -> CreateTime, preallocate -> false, index.interval.bytes -> 4096, min.cleanable.dirty.ratio -> 0.5, unclean.leader.election.enable -> false, retention.bytes -> -1, delete.retention.ms -> 86400000, segment.ms -> 604800000, message.timestamp.difference.max.ms -> 9223372036854775807, segment.index.bytes -> 10485760}. (kafka.log.LogManager)
[2025-11-15 12:49:09,580] INFO [Partition __consumer_offsets-39 broker=0] No checkpointed highwatermark is found for partition __consumer_offsets-39 (kafka.cluster.Partition)
[2025-11-15 12:49:09,580] INFO [Partition __consumer_offsets-39 broker=0] Log loaded for partition __consumer_offsets-39 with initial high watermark 0 (kafka.cluster.Partition)
[2025-11-15 12:49:09,593] INFO [Log partition=__consumer_offsets-17, dir=/tmp/kafka-logs] Loading producer state till offset 0 with message format version 2 (kafka.log.Log)
[2025-11-15 12:49:09,595] INFO Created log for partition __consumer_offsets-17 in /tmp/kafka-logs/__consumer_offsets-17 with properties {compression.type -> producer, min.insync.replicas -> 1, message.downconversion.enable -> true, segment.jitter.ms -> 0, cleanup.policy -> compact, flush.ms -> 9223372036854775807, retention.ms -> 604800000, segment.bytes -> 104857600, flush.messages -> 9223372036854775807, message.format.version -> 2.7-IV2, max.compaction.lag.ms -> 9223372036854775807, file.delete.delay.ms -> 60000, max.message.bytes -> 1048588, min.compaction.lag.ms -> 0, message.timestamp.type -> CreateTime, preallocate -> false, index.interval.bytes -> 4096, min.cleanable.dirty.ratio -> 0.5, unclean.leader.election.enable -> false, retention.bytes -> -1, delete.retention.ms -> 86400000, segment.ms -> 604800000, message.timestamp.difference.max.ms -> 9223372036854775807, segment.index.bytes -> 10485760}. (kafka.log.LogManager)
[2025-11-15 12:49:09,595] INFO [Partition __consumer_offsets-17 broker=0] No checkpointed highwatermark is found for partition __consumer_offsets-17 (kafka.cluster.Partition)
[2025-11-15 12:49:09,595] INFO [Partition __consumer_offsets-17 broker=0] Log loaded for partition __consumer_offsets-17 with initial high watermark 0 (kafka.cluster.Partition)
[2025-11-15 12:49:09,608] INFO [Log partition=__consumer_offsets-36, dir=/tmp/kafka-logs] Loading producer state till offset 0 with message format version 2 (kafka.log.Log)
[2025-11-15 12:49:09,609] INFO Created log for partition __consumer_offsets-36 in /tmp/kafka-logs/__consumer_offsets-36 with properties {compression.type -> producer, min.insync.replicas -> 1, message.downconversion.enable -> true, segment.jitter.ms -> 0, cleanup.policy -> compact, flush.ms -> 9223372036854775807, retention.ms -> 604800000, segment.bytes -> 104857600, flush.messages -> 9223372036854775807, message.format.version -> 2.7-IV2, max.compaction.lag.ms -> 9223372036854775807, file.delete.delay.ms -> 60000, max.message.bytes -> 1048588, min.compaction.lag.ms -> 0, message.timestamp.type -> CreateTime, preallocate -> false, index.interval.bytes -> 4096, min.cleanable.dirty.ratio -> 0.5, unclean.leader.election.enable -> false, retention.bytes -> -1, delete.retention.ms -> 86400000, segment.ms -> 604800000, message.timestamp.difference.max.ms -> 9223372036854775807, segment.index.bytes -> 10485760}. (kafka.log.LogManager)
[2025-11-15 12:49:09,609] INFO [Partition __consumer_offsets-36 broker=0] No checkpointed highwatermark is found for partition __consumer_offsets-36 (kafka.cluster.Partition)
[2025-11-15 12:49:09,609] INFO [Partition __consumer_offsets-36 broker=0] Log loaded for partition __consumer_offsets-36 with initial high watermark 0 (kafka.cluster.Partition)
[2025-11-15 12:49:09,630] INFO [Log partition=__consumer_offsets-14, dir=/tmp/kafka-logs] Loading producer state till offset 0 with message format version 2 (kafka.log.Log)
[2025-11-15 12:49:09,637] INFO Created log for partition __consumer_offsets-14 in /tmp/kafka-logs/__consumer_offsets-14 with properties {compression.type -> producer, min.insync.replicas -> 1, message.downconversion.enable -> true, segment.jitter.ms -> 0, cleanup.policy -> compact, flush.ms -> 9223372036854775807, retention.ms -> 604800000, segment.bytes -> 104857600, flush.messages -> 9223372036854775807, message.format.version -> 2.7-IV2, max.compaction.lag.ms -> 9223372036854775807, file.delete.delay.ms -> 60000, max.message.bytes -> 1048588, min.compaction.lag.ms -> 0, message.timestamp.type -> CreateTime, preallocate -> false, index.interval.bytes -> 4096, min.cleanable.dirty.ratio -> 0.5, unclean.leader.election.enable -> false, retention.bytes -> -1, delete.retention.ms -> 86400000, segment.ms -> 604800000, message.timestamp.difference.max.ms -> 9223372036854775807, segment.index.bytes -> 10485760}. (kafka.log.LogManager)
[2025-11-15 12:49:09,637] INFO [Partition __consumer_offsets-14 broker=0] No checkpointed highwatermark is found for partition __consumer_offsets-14 (kafka.cluster.Partition)
[2025-11-15 12:49:09,637] INFO [Partition __consumer_offsets-14 broker=0] Log loaded for partition __consumer_offsets-14 with initial high watermark 0 (kafka.cluster.Partition)
[2025-11-15 12:49:09,646] INFO [Log partition=__consumer_offsets-33, dir=/tmp/kafka-logs] Loading producer state till offset 0 with message format version 2 (kafka.log.Log)
[2025-11-15 12:49:09,647] INFO Created log for partition __consumer_offsets-33 in /tmp/kafka-logs/__consumer_offsets-33 with properties {compression.type -> producer, min.insync.replicas -> 1, message.downconversion.enable -> true, segment.jitter.ms -> 0, cleanup.policy -> compact, flush.ms -> 9223372036854775807, retention.ms -> 604800000, segment.bytes -> 104857600, flush.messages -> 9223372036854775807, message.format.version -> 2.7-IV2, max.compaction.lag.ms -> 9223372036854775807, file.delete.delay.ms -> 60000, max.message.bytes -> 1048588, min.compaction.lag.ms -> 0, message.timestamp.type -> CreateTime, preallocate -> false, index.interval.bytes -> 4096, min.cleanable.dirty.ratio -> 0.5, unclean.leader.election.enable -> false, retention.bytes -> -1, delete.retention.ms -> 86400000, segment.ms -> 604800000, message.timestamp.difference.max.ms -> 9223372036854775807, segment.index.bytes -> 10485760}. (kafka.log.LogManager)
[2025-11-15 12:49:09,647] INFO [Partition __consumer_offsets-33 broker=0] No checkpointed highwatermark is found for partition __consumer_offsets-33 (kafka.cluster.Partition)
[2025-11-15 12:49:09,647] INFO [Partition __consumer_offsets-33 broker=0] Log loaded for partition __consumer_offsets-33 with initial high watermark 0 (kafka.cluster.Partition)
[2025-11-15 12:49:09,653] INFO [Log partition=__consumer_offsets-49, dir=/tmp/kafka-logs] Loading producer state till offset 0 with message format version 2 (kafka.log.Log)
[2025-11-15 12:49:09,654] INFO Created log for partition __consumer_offsets-49 in /tmp/kafka-logs/__consumer_offsets-49 with properties {compression.type -> producer, min.insync.replicas -> 1, message.downconversion.enable -> true, segment.jitter.ms -> 0, cleanup.policy -> compact, flush.ms -> 9223372036854775807, retention.ms -> 604800000, segment.bytes -> 104857600, flush.messages -> 9223372036854775807, message.format.version -> 2.7-IV2, max.compaction.lag.ms -> 9223372036854775807, file.delete.delay.ms -> 60000, max.message.bytes -> 1048588, min.compaction.lag.ms -> 0, message.timestamp.type -> CreateTime, preallocate -> false, index.interval.bytes -> 4096, min.cleanable.dirty.ratio -> 0.5, unclean.leader.election.enable -> false, retention.bytes -> -1, delete.retention.ms -> 86400000, segment.ms -> 604800000, message.timestamp.difference.max.ms -> 9223372036854775807, segment.index.bytes -> 10485760}. (kafka.log.LogManager)
[2025-11-15 12:49:09,654] INFO [Partition __consumer_offsets-49 broker=0] No checkpointed highwatermark is found for partition __consumer_offsets-49 (kafka.cluster.Partition)
[2025-11-15 12:49:09,654] INFO [Partition __consumer_offsets-49 broker=0] Log loaded for partition __consumer_offsets-49 with initial high watermark 0 (kafka.cluster.Partition)
[2025-11-15 12:49:09,667] INFO [Log partition=__consumer_offsets-11, dir=/tmp/kafka-logs] Loading producer state till offset 0 with message format version 2 (kafka.log.Log)
[2025-11-15 12:49:09,668] INFO Created log for partition __consumer_offsets-11 in /tmp/kafka-logs/__consumer_offsets-11 with properties {compression.type -> producer, min.insync.replicas -> 1, message.downconversion.enable -> true, segment.jitter.ms -> 0, cleanup.policy -> compact, flush.ms -> 9223372036854775807, retention.ms -> 604800000, segment.bytes -> 104857600, flush.messages -> 9223372036854775807, message.format.version -> 2.7-IV2, max.compaction.lag.ms -> 9223372036854775807, file.delete.delay.ms -> 60000, max.message.bytes -> 1048588, min.compaction.lag.ms -> 0, message.timestamp.type -> CreateTime, preallocate -> false, index.interval.bytes -> 4096, min.cleanable.dirty.ratio -> 0.5, unclean.leader.election.enable -> false, retention.bytes -> -1, delete.retention.ms -> 86400000, segment.ms -> 604800000, message.timestamp.difference.max.ms -> 9223372036854775807, segment.index.bytes -> 10485760}. (kafka.log.LogManager)
[2025-11-15 12:49:09,668] INFO [Partition __consumer_offsets-11 broker=0] No checkpointed highwatermark is found for partition __consumer_offsets-11 (kafka.cluster.Partition)
[2025-11-15 12:49:09,668] INFO [Partition __consumer_offsets-11 broker=0] Log loaded for partition __consumer_offsets-11 with initial high watermark 0 (kafka.cluster.Partition)
[2025-11-15 12:49:09,687] INFO [Log partition=__consumer_offsets-30, dir=/tmp/kafka-logs] Loading producer state till offset 0 with message format version 2 (kafka.log.Log)
[2025-11-15 12:49:09,688] INFO Created log for partition __consumer_offsets-30 in /tmp/kafka-logs/__consumer_offsets-30 with properties {compression.type -> producer, min.insync.replicas -> 1, message.downconversion.enable -> true, segment.jitter.ms -> 0, cleanup.policy -> compact, flush.ms -> 9223372036854775807, retention.ms -> 604800000, segment.bytes -> 104857600, flush.messages -> 9223372036854775807, message.format.version -> 2.7-IV2, max.compaction.lag.ms -> 9223372036854775807, file.delete.delay.ms -> 60000, max.message.bytes -> 1048588, min.compaction.lag.ms -> 0, message.timestamp.type -> CreateTime, preallocate -> false, index.interval.bytes -> 4096, min.cleanable.dirty.ratio -> 0.5, unclean.leader.election.enable -> false, retention.bytes -> -1, delete.retention.ms -> 86400000, segment.ms -> 604800000, message.timestamp.difference.max.ms -> 9223372036854775807, segment.index.bytes -> 10485760}. (kafka.log.LogManager)
[2025-11-15 12:49:09,688] INFO [Partition __consumer_offsets-30 broker=0] No checkpointed highwatermark is found for partition __consumer_offsets-30 (kafka.cluster.Partition)
[2025-11-15 12:49:09,688] INFO [Partition __consumer_offsets-30 broker=0] Log loaded for partition __consumer_offsets-30 with initial high watermark 0 (kafka.cluster.Partition)
[2025-11-15 12:49:09,698] INFO [Log partition=__consumer_offsets-46, dir=/tmp/kafka-logs] Loading producer state till offset 0 with message format version 2 (kafka.log.Log)
[2025-11-15 12:49:09,699] INFO Created log for partition __consumer_offsets-46 in /tmp/kafka-logs/__consumer_offsets-46 with properties {compression.type -> producer, min.insync.replicas -> 1, message.downconversion.enable -> true, segment.jitter.ms -> 0, cleanup.policy -> compact, flush.ms -> 9223372036854775807, retention.ms -> 604800000, segment.bytes -> 104857600, flush.messages -> 9223372036854775807, message.format.version -> 2.7-IV2, max.compaction.lag.ms -> 9223372036854775807, file.delete.delay.ms -> 60000, max.message.bytes -> 1048588, min.compaction.lag.ms -> 0, message.timestamp.type -> CreateTime, preallocate -> false, index.interval.bytes -> 4096, min.cleanable.dirty.ratio -> 0.5, unclean.leader.election.enable -> false, retention.bytes -> -1, delete.retention.ms -> 86400000, segment.ms -> 604800000, message.timestamp.difference.max.ms -> 9223372036854775807, segment.index.bytes -> 10485760}. (kafka.log.LogManager)
[2025-11-15 12:49:09,699] INFO [Partition __consumer_offsets-46 broker=0] No checkpointed highwatermark is found for partition __consumer_offsets-46 (kafka.cluster.Partition)
[2025-11-15 12:49:09,699] INFO [Partition __consumer_offsets-46 broker=0] Log loaded for partition __consumer_offsets-46 with initial high watermark 0 (kafka.cluster.Partition)
[2025-11-15 12:49:09,706] INFO [Log partition=__consumer_offsets-27, dir=/tmp/kafka-logs] Loading producer state till offset 0 with message format version 2 (kafka.log.Log)
[2025-11-15 12:49:09,706] INFO Created log for partition __consumer_offsets-27 in /tmp/kafka-logs/__consumer_offsets-27 with properties {compression.type -> producer, min.insync.replicas -> 1, message.downconversion.enable -> true, segment.jitter.ms -> 0, cleanup.policy -> compact, flush.ms -> 9223372036854775807, retention.ms -> 604800000, segment.bytes -> 104857600, flush.messages -> 9223372036854775807, message.format.version -> 2.7-IV2, max.compaction.lag.ms -> 9223372036854775807, file.delete.delay.ms -> 60000, max.message.bytes -> 1048588, min.compaction.lag.ms -> 0, message.timestamp.type -> CreateTime, preallocate -> false, index.interval.bytes -> 4096, min.cleanable.dirty.ratio -> 0.5, unclean.leader.election.enable -> false, retention.bytes -> -1, delete.retention.ms -> 86400000, segment.ms -> 604800000, message.timestamp.difference.max.ms -> 9223372036854775807, segment.index.bytes -> 10485760}. (kafka.log.LogManager)
[2025-11-15 12:49:09,707] INFO [Partition __consumer_offsets-27 broker=0] No checkpointed highwatermark is found for partition __consumer_offsets-27 (kafka.cluster.Partition)
[2025-11-15 12:49:09,707] INFO [Partition __consumer_offsets-27 broker=0] Log loaded for partition __consumer_offsets-27 with initial high watermark 0 (kafka.cluster.Partition)
[2025-11-15 12:49:09,721] INFO [Log partition=__consumer_offsets-8, dir=/tmp/kafka-logs] Loading producer state till offset 0 with message format version 2 (kafka.log.Log)
[2025-11-15 12:49:09,722] INFO Created log for partition __consumer_offsets-8 in /tmp/kafka-logs/__consumer_offsets-8 with properties {compression.type -> producer, min.insync.replicas -> 1, message.downconversion.enable -> true, segment.jitter.ms -> 0, cleanup.policy -> compact, flush.ms -> 9223372036854775807, retention.ms -> 604800000, segment.bytes -> 104857600, flush.messages -> 9223372036854775807, message.format.version -> 2.7-IV2, max.compaction.lag.ms -> 9223372036854775807, file.delete.delay.ms -> 60000, max.message.bytes -> 1048588, min.compaction.lag.ms -> 0, message.timestamp.type -> CreateTime, preallocate -> false, index.interval.bytes -> 4096, min.cleanable.dirty.ratio -> 0.5, unclean.leader.election.enable -> false, retention.bytes -> -1, delete.retention.ms -> 86400000, segment.ms -> 604800000, message.timestamp.difference.max.ms -> 9223372036854775807, segment.index.bytes -> 10485760}. (kafka.log.LogManager)
[2025-11-15 12:49:09,722] INFO [Partition __consumer_offsets-8 broker=0] No checkpointed highwatermark is found for partition __consumer_offsets-8 (kafka.cluster.Partition)
[2025-11-15 12:49:09,722] INFO [Partition __consumer_offsets-8 broker=0] Log loaded for partition __consumer_offsets-8 with initial high watermark 0 (kafka.cluster.Partition)
[2025-11-15 12:49:09,731] INFO [Log partition=__consumer_offsets-24, dir=/tmp/kafka-logs] Loading producer state till offset 0 with message format version 2 (kafka.log.Log)
[2025-11-15 12:49:09,732] INFO Created log for partition __consumer_offsets-24 in /tmp/kafka-logs/__consumer_offsets-24 with properties {compression.type -> producer, min.insync.replicas -> 1, message.downconversion.enable -> true, segment.jitter.ms -> 0, cleanup.policy -> compact, flush.ms -> 9223372036854775807, retention.ms -> 604800000, segment.bytes -> 104857600, flush.messages -> 9223372036854775807, message.format.version -> 2.7-IV2, max.compaction.lag.ms -> 9223372036854775807, file.delete.delay.ms -> 60000, max.message.bytes -> 1048588, min.compaction.lag.ms -> 0, message.timestamp.type -> CreateTime, preallocate -> false, index.interval.bytes -> 4096, min.cleanable.dirty.ratio -> 0.5, unclean.leader.election.enable -> false, retention.bytes -> -1, delete.retention.ms -> 86400000, segment.ms -> 604800000, message.timestamp.difference.max.ms -> 9223372036854775807, segment.index.bytes -> 10485760}. (kafka.log.LogManager)
[2025-11-15 12:49:09,732] INFO [Partition __consumer_offsets-24 broker=0] No checkpointed highwatermark is found for partition __consumer_offsets-24 (kafka.cluster.Partition)
[2025-11-15 12:49:09,732] INFO [Partition __consumer_offsets-24 broker=0] Log loaded for partition __consumer_offsets-24 with initial high watermark 0 (kafka.cluster.Partition)
[2025-11-15 12:49:09,742] INFO [Log partition=__consumer_offsets-43, dir=/tmp/kafka-logs] Loading producer state till offset 0 with message format version 2 (kafka.log.Log)
[2025-11-15 12:49:09,742] INFO Created log for partition __consumer_offsets-43 in /tmp/kafka-logs/__consumer_offsets-43 with properties {compression.type -> producer, min.insync.replicas -> 1, message.downconversion.enable -> true, segment.jitter.ms -> 0, cleanup.policy -> compact, flush.ms -> 9223372036854775807, retention.ms -> 604800000, segment.bytes -> 104857600, flush.messages -> 9223372036854775807, message.format.version -> 2.7-IV2, max.compaction.lag.ms -> 9223372036854775807, file.delete.delay.ms -> 60000, max.message.bytes -> 1048588, min.compaction.lag.ms -> 0, message.timestamp.type -> CreateTime, preallocate -> false, index.interval.bytes -> 4096, min.cleanable.dirty.ratio -> 0.5, unclean.leader.election.enable -> false, retention.bytes -> -1, delete.retention.ms -> 86400000, segment.ms -> 604800000, message.timestamp.difference.max.ms -> 9223372036854775807, segment.index.bytes -> 10485760}. (kafka.log.LogManager)
[2025-11-15 12:49:09,742] INFO [Partition __consumer_offsets-43 broker=0] No checkpointed highwatermark is found for partition __consumer_offsets-43 (kafka.cluster.Partition)
[2025-11-15 12:49:09,743] INFO [Partition __consumer_offsets-43 broker=0] Log loaded for partition __consumer_offsets-43 with initial high watermark 0 (kafka.cluster.Partition)
[2025-11-15 12:49:09,752] INFO [Log partition=__consumer_offsets-5, dir=/tmp/kafka-logs] Loading producer state till offset 0 with message format version 2 (kafka.log.Log)
[2025-11-15 12:49:09,753] INFO Created log for partition __consumer_offsets-5 in /tmp/kafka-logs/__consumer_offsets-5 with properties {compression.type -> producer, min.insync.replicas -> 1, message.downconversion.enable -> true, segment.jitter.ms -> 0, cleanup.policy -> compact, flush.ms -> 9223372036854775807, retention.ms -> 604800000, segment.bytes -> 104857600, flush.messages -> 9223372036854775807, message.format.version -> 2.7-IV2, max.compaction.lag.ms -> 9223372036854775807, file.delete.delay.ms -> 60000, max.message.bytes -> 1048588, min.compaction.lag.ms -> 0, message.timestamp.type -> CreateTime, preallocate -> false, index.interval.bytes -> 4096, min.cleanable.dirty.ratio -> 0.5, unclean.leader.election.enable -> false, retention.bytes -> -1, delete.retention.ms -> 86400000, segment.ms -> 604800000, message.timestamp.difference.max.ms -> 9223372036854775807, segment.index.bytes -> 10485760}. (kafka.log.LogManager)
[2025-11-15 12:49:09,753] INFO [Partition __consumer_offsets-5 broker=0] No checkpointed highwatermark is found for partition __consumer_offsets-5 (kafka.cluster.Partition)
[2025-11-15 12:49:09,753] INFO [Partition __consumer_offsets-5 broker=0] Log loaded for partition __consumer_offsets-5 with initial high watermark 0 (kafka.cluster.Partition)
[2025-11-15 12:49:09,763] INFO [Log partition=__consumer_offsets-21, dir=/tmp/kafka-logs] Loading producer state till offset 0 with message format version 2 (kafka.log.Log)
[2025-11-15 12:49:09,763] INFO Created log for partition __consumer_offsets-21 in /tmp/kafka-logs/__consumer_offsets-21 with properties {compression.type -> producer, min.insync.replicas -> 1, message.downconversion.enable -> true, segment.jitter.ms -> 0, cleanup.policy -> compact, flush.ms -> 9223372036854775807, retention.ms -> 604800000, segment.bytes -> 104857600, flush.messages -> 9223372036854775807, message.format.version -> 2.7-IV2, max.compaction.lag.ms -> 9223372036854775807, file.delete.delay.ms -> 60000, max.message.bytes -> 1048588, min.compaction.lag.ms -> 0, message.timestamp.type -> CreateTime, preallocate -> false, index.interval.bytes -> 4096, min.cleanable.dirty.ratio -> 0.5, unclean.leader.election.enable -> false, retention.bytes -> -1, delete.retention.ms -> 86400000, segment.ms -> 604800000, message.timestamp.difference.max.ms -> 9223372036854775807, segment.index.bytes -> 10485760}. (kafka.log.LogManager)
[2025-11-15 12:49:09,764] INFO [Partition __consumer_offsets-21 broker=0] No checkpointed highwatermark is found for partition __consumer_offsets-21 (kafka.cluster.Partition)
[2025-11-15 12:49:09,764] INFO [Partition __consumer_offsets-21 broker=0] Log loaded for partition __consumer_offsets-21 with initial high watermark 0 (kafka.cluster.Partition)
[2025-11-15 12:49:09,771] INFO [Log partition=__consumer_offsets-40, dir=/tmp/kafka-logs] Loading producer state till offset 0 with message format version 2 (kafka.log.Log)
[2025-11-15 12:49:09,772] INFO Created log for partition __consumer_offsets-40 in /tmp/kafka-logs/__consumer_offsets-40 with properties {compression.type -> producer, min.insync.replicas -> 1, message.downconversion.enable -> true, segment.jitter.ms -> 0, cleanup.policy -> compact, flush.ms -> 9223372036854775807, retention.ms -> 604800000, segment.bytes -> 104857600, flush.messages -> 9223372036854775807, message.format.version -> 2.7-IV2, max.compaction.lag.ms -> 9223372036854775807, file.delete.delay.ms -> 60000, max.message.bytes -> 1048588, min.compaction.lag.ms -> 0, message.timestamp.type -> CreateTime, preallocate -> false, index.interval.bytes -> 4096, min.cleanable.dirty.ratio -> 0.5, unclean.leader.election.enable -> false, retention.bytes -> -1, delete.retention.ms -> 86400000, segment.ms -> 604800000, message.timestamp.difference.max.ms -> 9223372036854775807, segment.index.bytes -> 10485760}. (kafka.log.LogManager)
[2025-11-15 12:49:09,772] INFO [Partition __consumer_offsets-40 broker=0] No checkpointed highwatermark is found for partition __consumer_offsets-40 (kafka.cluster.Partition)
[2025-11-15 12:49:09,772] INFO [Partition __consumer_offsets-40 broker=0] Log loaded for partition __consumer_offsets-40 with initial high watermark 0 (kafka.cluster.Partition)
[2025-11-15 12:49:09,794] INFO [Log partition=__consumer_offsets-2, dir=/tmp/kafka-logs] Loading producer state till offset 0 with message format version 2 (kafka.log.Log)
[2025-11-15 12:49:09,794] INFO Created log for partition __consumer_offsets-2 in /tmp/kafka-logs/__consumer_offsets-2 with properties {compression.type -> producer, min.insync.replicas -> 1, message.downconversion.enable -> true, segment.jitter.ms -> 0, cleanup.policy -> compact, flush.ms -> 9223372036854775807, retention.ms -> 604800000, segment.bytes -> 104857600, flush.messages -> 9223372036854775807, message.format.version -> 2.7-IV2, max.compaction.lag.ms -> 9223372036854775807, file.delete.delay.ms -> 60000, max.message.bytes -> 1048588, min.compaction.lag.ms -> 0, message.timestamp.type -> CreateTime, preallocate -> false, index.interval.bytes -> 4096, min.cleanable.dirty.ratio -> 0.5, unclean.leader.election.enable -> false, retention.bytes -> -1, delete.retention.ms -> 86400000, segment.ms -> 604800000, message.timestamp.difference.max.ms -> 9223372036854775807, segment.index.bytes -> 10485760}. (kafka.log.LogManager)
[2025-11-15 12:49:09,795] INFO [Partition __consumer_offsets-2 broker=0] No checkpointed highwatermark is found for partition __consumer_offsets-2 (kafka.cluster.Partition)
[2025-11-15 12:49:09,795] INFO [Partition __consumer_offsets-2 broker=0] Log loaded for partition __consumer_offsets-2 with initial high watermark 0 (kafka.cluster.Partition)
[2025-11-15 12:49:09,801] INFO [Log partition=__consumer_offsets-37, dir=/tmp/kafka-logs] Loading producer state till offset 0 with message format version 2 (kafka.log.Log)
[2025-11-15 12:49:09,801] INFO Created log for partition __consumer_offsets-37 in /tmp/kafka-logs/__consumer_offsets-37 with properties {compression.type -> producer, min.insync.replicas -> 1, message.downconversion.enable -> true, segment.jitter.ms -> 0, cleanup.policy -> compact, flush.ms -> 9223372036854775807, retention.ms -> 604800000, segment.bytes -> 104857600, flush.messages -> 9223372036854775807, message.format.version -> 2.7-IV2, max.compaction.lag.ms -> 9223372036854775807, file.delete.delay.ms -> 60000, max.message.bytes -> 1048588, min.compaction.lag.ms -> 0, message.timestamp.type -> CreateTime, preallocate -> false, index.interval.bytes -> 4096, min.cleanable.dirty.ratio -> 0.5, unclean.leader.election.enable -> false, retention.bytes -> -1, delete.retention.ms -> 86400000, segment.ms -> 604800000, message.timestamp.difference.max.ms -> 9223372036854775807, segment.index.bytes -> 10485760}. (kafka.log.LogManager)
[2025-11-15 12:49:09,801] INFO [Partition __consumer_offsets-37 broker=0] No checkpointed highwatermark is found for partition __consumer_offsets-37 (kafka.cluster.Partition)
[2025-11-15 12:49:09,801] INFO [Partition __consumer_offsets-37 broker=0] Log loaded for partition __consumer_offsets-37 with initial high watermark 0 (kafka.cluster.Partition)
[2025-11-15 12:49:09,815] INFO [Log partition=__consumer_offsets-18, dir=/tmp/kafka-logs] Loading producer state till offset 0 with message format version 2 (kafka.log.Log)
[2025-11-15 12:49:09,816] INFO Created log for partition __consumer_offsets-18 in /tmp/kafka-logs/__consumer_offsets-18 with properties {compression.type -> producer, min.insync.replicas -> 1, message.downconversion.enable -> true, segment.jitter.ms -> 0, cleanup.policy -> compact, flush.ms -> 9223372036854775807, retention.ms -> 604800000, segment.bytes -> 104857600, flush.messages -> 9223372036854775807, message.format.version -> 2.7-IV2, max.compaction.lag.ms -> 9223372036854775807, file.delete.delay.ms -> 60000, max.message.bytes -> 1048588, min.compaction.lag.ms -> 0, message.timestamp.type -> CreateTime, preallocate -> false, index.interval.bytes -> 4096, min.cleanable.dirty.ratio -> 0.5, unclean.leader.election.enable -> false, retention.bytes -> -1, delete.retention.ms -> 86400000, segment.ms -> 604800000, message.timestamp.difference.max.ms -> 9223372036854775807, segment.index.bytes -> 10485760}. (kafka.log.LogManager)
[2025-11-15 12:49:09,816] INFO [Partition __consumer_offsets-18 broker=0] No checkpointed highwatermark is found for partition __consumer_offsets-18 (kafka.cluster.Partition)
[2025-11-15 12:49:09,817] INFO [Partition __consumer_offsets-18 broker=0] Log loaded for partition __consumer_offsets-18 with initial high watermark 0 (kafka.cluster.Partition)
[2025-11-15 12:49:09,826] INFO [Log partition=__consumer_offsets-34, dir=/tmp/kafka-logs] Loading producer state till offset 0 with message format version 2 (kafka.log.Log)
[2025-11-15 12:49:09,828] INFO Created log for partition __consumer_offsets-34 in /tmp/kafka-logs/__consumer_offsets-34 with properties {compression.type -> producer, min.insync.replicas -> 1, message.downconversion.enable -> true, segment.jitter.ms -> 0, cleanup.policy -> compact, flush.ms -> 9223372036854775807, retention.ms -> 604800000, segment.bytes -> 104857600, flush.messages -> 9223372036854775807, message.format.version -> 2.7-IV2, max.compaction.lag.ms -> 9223372036854775807, file.delete.delay.ms -> 60000, max.message.bytes -> 1048588, min.compaction.lag.ms -> 0, message.timestamp.type -> CreateTime, preallocate -> false, index.interval.bytes -> 4096, min.cleanable.dirty.ratio -> 0.5, unclean.leader.election.enable -> false, retention.bytes -> -1, delete.retention.ms -> 86400000, segment.ms -> 604800000, message.timestamp.difference.max.ms -> 9223372036854775807, segment.index.bytes -> 10485760}. (kafka.log.LogManager)
[2025-11-15 12:49:09,828] INFO [Partition __consumer_offsets-34 broker=0] No checkpointed highwatermark is found for partition __consumer_offsets-34 (kafka.cluster.Partition)
[2025-11-15 12:49:09,828] INFO [Partition __consumer_offsets-34 broker=0] Log loaded for partition __consumer_offsets-34 with initial high watermark 0 (kafka.cluster.Partition)
[2025-11-15 12:49:09,834] INFO [Log partition=__consumer_offsets-15, dir=/tmp/kafka-logs] Loading producer state till offset 0 with message format version 2 (kafka.log.Log)
[2025-11-15 12:49:09,835] INFO Created log for partition __consumer_offsets-15 in /tmp/kafka-logs/__consumer_offsets-15 with properties {compression.type -> producer, min.insync.replicas -> 1, message.downconversion.enable -> true, segment.jitter.ms -> 0, cleanup.policy -> compact, flush.ms -> 9223372036854775807, retention.ms -> 604800000, segment.bytes -> 104857600, flush.messages -> 9223372036854775807, message.format.version -> 2.7-IV2, max.compaction.lag.ms -> 9223372036854775807, file.delete.delay.ms -> 60000, max.message.bytes -> 1048588, min.compaction.lag.ms -> 0, message.timestamp.type -> CreateTime, preallocate -> false, index.interval.bytes -> 4096, min.cleanable.dirty.ratio -> 0.5, unclean.leader.election.enable -> false, retention.bytes -> -1, delete.retention.ms -> 86400000, segment.ms -> 604800000, message.timestamp.difference.max.ms -> 9223372036854775807, segment.index.bytes -> 10485760}. (kafka.log.LogManager)
[2025-11-15 12:49:09,835] INFO [Partition __consumer_offsets-15 broker=0] No checkpointed highwatermark is found for partition __consumer_offsets-15 (kafka.cluster.Partition)
[2025-11-15 12:49:09,835] INFO [Partition __consumer_offsets-15 broker=0] Log loaded for partition __consumer_offsets-15 with initial high watermark 0 (kafka.cluster.Partition)
[2025-11-15 12:49:09,842] INFO [Log partition=__consumer_offsets-12, dir=/tmp/kafka-logs] Loading producer state till offset 0 with message format version 2 (kafka.log.Log)
[2025-11-15 12:49:09,843] INFO Created log for partition __consumer_offsets-12 in /tmp/kafka-logs/__consumer_offsets-12 with properties {compression.type -> producer, min.insync.replicas -> 1, message.downconversion.enable -> true, segment.jitter.ms -> 0, cleanup.policy -> compact, flush.ms -> 9223372036854775807, retention.ms -> 604800000, segment.bytes -> 104857600, flush.messages -> 9223372036854775807, message.format.version -> 2.7-IV2, max.compaction.lag.ms -> 9223372036854775807, file.delete.delay.ms -> 60000, max.message.bytes -> 1048588, min.compaction.lag.ms -> 0, message.timestamp.type -> CreateTime, preallocate -> false, index.interval.bytes -> 4096, min.cleanable.dirty.ratio -> 0.5, unclean.leader.election.enable -> false, retention.bytes -> -1, delete.retention.ms -> 86400000, segment.ms -> 604800000, message.timestamp.difference.max.ms -> 9223372036854775807, segment.index.bytes -> 10485760}. (kafka.log.LogManager)
[2025-11-15 12:49:09,843] INFO [Partition __consumer_offsets-12 broker=0] No checkpointed highwatermark is found for partition __consumer_offsets-12 (kafka.cluster.Partition)
[2025-11-15 12:49:09,843] INFO [Partition __consumer_offsets-12 broker=0] Log loaded for partition __consumer_offsets-12 with initial high watermark 0 (kafka.cluster.Partition)
[2025-11-15 12:49:09,864] INFO [Log partition=__consumer_offsets-31, dir=/tmp/kafka-logs] Loading producer state till offset 0 with message format version 2 (kafka.log.Log)
[2025-11-15 12:49:09,865] INFO Created log for partition __consumer_offsets-31 in /tmp/kafka-logs/__consumer_offsets-31 with properties {compression.type -> producer, min.insync.replicas -> 1, message.downconversion.enable -> true, segment.jitter.ms -> 0, cleanup.policy -> compact, flush.ms -> 9223372036854775807, retention.ms -> 604800000, segment.bytes -> 104857600, flush.messages -> 9223372036854775807, message.format.version -> 2.7-IV2, max.compaction.lag.ms -> 9223372036854775807, file.delete.delay.ms -> 60000, max.message.bytes -> 1048588, min.compaction.lag.ms -> 0, message.timestamp.type -> CreateTime, preallocate -> false, index.interval.bytes -> 4096, min.cleanable.dirty.ratio -> 0.5, unclean.leader.election.enable -> false, retention.bytes -> -1, delete.retention.ms -> 86400000, segment.ms -> 604800000, message.timestamp.difference.max.ms -> 9223372036854775807, segment.index.bytes -> 10485760}. (kafka.log.LogManager)
[2025-11-15 12:49:09,865] INFO [Partition __consumer_offsets-31 broker=0] No checkpointed highwatermark is found for partition __consumer_offsets-31 (kafka.cluster.Partition)
[2025-11-15 12:49:09,865] INFO [Partition __consumer_offsets-31 broker=0] Log loaded for partition __consumer_offsets-31 with initial high watermark 0 (kafka.cluster.Partition)
[2025-11-15 12:49:09,873] INFO [Log partition=__consumer_offsets-9, dir=/tmp/kafka-logs] Loading producer state till offset 0 with message format version 2 (kafka.log.Log)
[2025-11-15 12:49:09,873] INFO Created log for partition __consumer_offsets-9 in /tmp/kafka-logs/__consumer_offsets-9 with properties {compression.type -> producer, min.insync.replicas -> 1, message.downconversion.enable -> true, segment.jitter.ms -> 0, cleanup.policy -> compact, flush.ms -> 9223372036854775807, retention.ms -> 604800000, segment.bytes -> 104857600, flush.messages -> 9223372036854775807, message.format.version -> 2.7-IV2, max.compaction.lag.ms -> 9223372036854775807, file.delete.delay.ms -> 60000, max.message.bytes -> 1048588, min.compaction.lag.ms -> 0, message.timestamp.type -> CreateTime, preallocate -> false, index.interval.bytes -> 4096, min.cleanable.dirty.ratio -> 0.5, unclean.leader.election.enable -> false, retention.bytes -> -1, delete.retention.ms -> 86400000, segment.ms -> 604800000, message.timestamp.difference.max.ms -> 9223372036854775807, segment.index.bytes -> 10485760}. (kafka.log.LogManager)
[2025-11-15 12:49:09,873] INFO [Partition __consumer_offsets-9 broker=0] No checkpointed highwatermark is found for partition __consumer_offsets-9 (kafka.cluster.Partition)
[2025-11-15 12:49:09,874] INFO [Partition __consumer_offsets-9 broker=0] Log loaded for partition __consumer_offsets-9 with initial high watermark 0 (kafka.cluster.Partition)
[2025-11-15 12:49:09,879] INFO [Log partition=__consumer_offsets-47, dir=/tmp/kafka-logs] Loading producer state till offset 0 with message format version 2 (kafka.log.Log)
[2025-11-15 12:49:09,880] INFO Created log for partition __consumer_offsets-47 in /tmp/kafka-logs/__consumer_offsets-47 with properties {compression.type -> producer, min.insync.replicas -> 1, message.downconversion.enable -> true, segment.jitter.ms -> 0, cleanup.policy -> compact, flush.ms -> 9223372036854775807, retention.ms -> 604800000, segment.bytes -> 104857600, flush.messages -> 9223372036854775807, message.format.version -> 2.7-IV2, max.compaction.lag.ms -> 9223372036854775807, file.delete.delay.ms -> 60000, max.message.bytes -> 1048588, min.compaction.lag.ms -> 0, message.timestamp.type -> CreateTime, preallocate -> false, index.interval.bytes -> 4096, min.cleanable.dirty.ratio -> 0.5, unclean.leader.election.enable -> false, retention.bytes -> -1, delete.retention.ms -> 86400000, segment.ms -> 604800000, message.timestamp.difference.max.ms -> 9223372036854775807, segment.index.bytes -> 10485760}. (kafka.log.LogManager)
[2025-11-15 12:49:09,880] INFO [Partition __consumer_offsets-47 broker=0] No checkpointed highwatermark is found for partition __consumer_offsets-47 (kafka.cluster.Partition)
[2025-11-15 12:49:09,880] INFO [Partition __consumer_offsets-47 broker=0] Log loaded for partition __consumer_offsets-47 with initial high watermark 0 (kafka.cluster.Partition)
[2025-11-15 12:49:09,891] INFO [Log partition=__consumer_offsets-19, dir=/tmp/kafka-logs] Loading producer state till offset 0 with message format version 2 (kafka.log.Log)
[2025-11-15 12:49:09,891] INFO Created log for partition __consumer_offsets-19 in /tmp/kafka-logs/__consumer_offsets-19 with properties {compression.type -> producer, min.insync.replicas -> 1, message.downconversion.enable -> true, segment.jitter.ms -> 0, cleanup.policy -> compact, flush.ms -> 9223372036854775807, retention.ms -> 604800000, segment.bytes -> 104857600, flush.messages -> 9223372036854775807, message.format.version -> 2.7-IV2, max.compaction.lag.ms -> 9223372036854775807, file.delete.delay.ms -> 60000, max.message.bytes -> 1048588, min.compaction.lag.ms -> 0, message.timestamp.type -> CreateTime, preallocate -> false, index.interval.bytes -> 4096, min.cleanable.dirty.ratio -> 0.5, unclean.leader.election.enable -> false, retention.bytes -> -1, delete.retention.ms -> 86400000, segment.ms -> 604800000, message.timestamp.difference.max.ms -> 9223372036854775807, segment.index.bytes -> 10485760}. (kafka.log.LogManager)
[2025-11-15 12:49:09,892] INFO [Partition __consumer_offsets-19 broker=0] No checkpointed highwatermark is found for partition __consumer_offsets-19 (kafka.cluster.Partition)
[2025-11-15 12:49:09,892] INFO [Partition __consumer_offsets-19 broker=0] Log loaded for partition __consumer_offsets-19 with initial high watermark 0 (kafka.cluster.Partition)
[2025-11-15 12:49:09,910] INFO [Log partition=__consumer_offsets-28, dir=/tmp/kafka-logs] Loading producer state till offset 0 with message format version 2 (kafka.log.Log)
[2025-11-15 12:49:09,910] INFO Created log for partition __consumer_offsets-28 in /tmp/kafka-logs/__consumer_offsets-28 with properties {compression.type -> producer, min.insync.replicas -> 1, message.downconversion.enable -> true, segment.jitter.ms -> 0, cleanup.policy -> compact, flush.ms -> 9223372036854775807, retention.ms -> 604800000, segment.bytes -> 104857600, flush.messages -> 9223372036854775807, message.format.version -> 2.7-IV2, max.compaction.lag.ms -> 9223372036854775807, file.delete.delay.ms -> 60000, max.message.bytes -> 1048588, min.compaction.lag.ms -> 0, message.timestamp.type -> CreateTime, preallocate -> false, index.interval.bytes -> 4096, min.cleanable.dirty.ratio -> 0.5, unclean.leader.election.enable -> false, retention.bytes -> -1, delete.retention.ms -> 86400000, segment.ms -> 604800000, message.timestamp.difference.max.ms -> 9223372036854775807, segment.index.bytes -> 10485760}. (kafka.log.LogManager)
[2025-11-15 12:49:09,910] INFO [Partition __consumer_offsets-28 broker=0] No checkpointed highwatermark is found for partition __consumer_offsets-28 (kafka.cluster.Partition)
[2025-11-15 12:49:09,910] INFO [Partition __consumer_offsets-28 broker=0] Log loaded for partition __consumer_offsets-28 with initial high watermark 0 (kafka.cluster.Partition)
[2025-11-15 12:49:09,921] INFO [Log partition=__consumer_offsets-38, dir=/tmp/kafka-logs] Loading producer state till offset 0 with message format version 2 (kafka.log.Log)
[2025-11-15 12:49:09,922] INFO Created log for partition __consumer_offsets-38 in /tmp/kafka-logs/__consumer_offsets-38 with properties {compression.type -> producer, min.insync.replicas -> 1, message.downconversion.enable -> true, segment.jitter.ms -> 0, cleanup.policy -> compact, flush.ms -> 9223372036854775807, retention.ms -> 604800000, segment.bytes -> 104857600, flush.messages -> 9223372036854775807, message.format.version -> 2.7-IV2, max.compaction.lag.ms -> 9223372036854775807, file.delete.delay.ms -> 60000, max.message.bytes -> 1048588, min.compaction.lag.ms -> 0, message.timestamp.type -> CreateTime, preallocate -> false, index.interval.bytes -> 4096, min.cleanable.dirty.ratio -> 0.5, unclean.leader.election.enable -> false, retention.bytes -> -1, delete.retention.ms -> 86400000, segment.ms -> 604800000, message.timestamp.difference.max.ms -> 9223372036854775807, segment.index.bytes -> 10485760}. (kafka.log.LogManager)
[2025-11-15 12:49:09,922] INFO [Partition __consumer_offsets-38 broker=0] No checkpointed highwatermark is found for partition __consumer_offsets-38 (kafka.cluster.Partition)
[2025-11-15 12:49:09,922] INFO [Partition __consumer_offsets-38 broker=0] Log loaded for partition __consumer_offsets-38 with initial high watermark 0 (kafka.cluster.Partition)
[2025-11-15 12:49:09,927] INFO [Log partition=__consumer_offsets-35, dir=/tmp/kafka-logs] Loading producer state till offset 0 with message format version 2 (kafka.log.Log)
[2025-11-15 12:49:09,930] INFO Created log for partition __consumer_offsets-35 in /tmp/kafka-logs/__consumer_offsets-35 with properties {compression.type -> producer, min.insync.replicas -> 1, message.downconversion.enable -> true, segment.jitter.ms -> 0, cleanup.policy -> compact, flush.ms -> 9223372036854775807, retention.ms -> 604800000, segment.bytes -> 104857600, flush.messages -> 9223372036854775807, message.format.version -> 2.7-IV2, max.compaction.lag.ms -> 9223372036854775807, file.delete.delay.ms -> 60000, max.message.bytes -> 1048588, min.compaction.lag.ms -> 0, message.timestamp.type -> CreateTime, preallocate -> false, index.interval.bytes -> 4096, min.cleanable.dirty.ratio -> 0.5, unclean.leader.election.enable -> false, retention.bytes -> -1, delete.retention.ms -> 86400000, segment.ms -> 604800000, message.timestamp.difference.max.ms -> 9223372036854775807, segment.index.bytes -> 10485760}. (kafka.log.LogManager)
[2025-11-15 12:49:09,930] INFO [Partition __consumer_offsets-35 broker=0] No checkpointed highwatermark is found for partition __consumer_offsets-35 (kafka.cluster.Partition)
[2025-11-15 12:49:09,930] INFO [Partition __consumer_offsets-35 broker=0] Log loaded for partition __consumer_offsets-35 with initial high watermark 0 (kafka.cluster.Partition)
[2025-11-15 12:49:09,937] INFO [Log partition=__consumer_offsets-6, dir=/tmp/kafka-logs] Loading producer state till offset 0 with message format version 2 (kafka.log.Log)
[2025-11-15 12:49:09,938] INFO Created log for partition __consumer_offsets-6 in /tmp/kafka-logs/__consumer_offsets-6 with properties {compression.type -> producer, min.insync.replicas -> 1, message.downconversion.enable -> true, segment.jitter.ms -> 0, cleanup.policy -> compact, flush.ms -> 9223372036854775807, retention.ms -> 604800000, segment.bytes -> 104857600, flush.messages -> 9223372036854775807, message.format.version -> 2.7-IV2, max.compaction.lag.ms -> 9223372036854775807, file.delete.delay.ms -> 60000, max.message.bytes -> 1048588, min.compaction.lag.ms -> 0, message.timestamp.type -> CreateTime, preallocate -> false, index.interval.bytes -> 4096, min.cleanable.dirty.ratio -> 0.5, unclean.leader.election.enable -> false, retention.bytes -> -1, delete.retention.ms -> 86400000, segment.ms -> 604800000, message.timestamp.difference.max.ms -> 9223372036854775807, segment.index.bytes -> 10485760}. (kafka.log.LogManager)
[2025-11-15 12:49:09,938] INFO [Partition __consumer_offsets-6 broker=0] No checkpointed highwatermark is found for partition __consumer_offsets-6 (kafka.cluster.Partition)
[2025-11-15 12:49:09,938] INFO [Partition __consumer_offsets-6 broker=0] Log loaded for partition __consumer_offsets-6 with initial high watermark 0 (kafka.cluster.Partition)
[2025-11-15 12:49:09,953] INFO [Log partition=__consumer_offsets-44, dir=/tmp/kafka-logs] Loading producer state till offset 0 with message format version 2 (kafka.log.Log)
[2025-11-15 12:49:09,953] INFO Created log for partition __consumer_offsets-44 in /tmp/kafka-logs/__consumer_offsets-44 with properties {compression.type -> producer, min.insync.replicas -> 1, message.downconversion.enable -> true, segment.jitter.ms -> 0, cleanup.policy -> compact, flush.ms -> 9223372036854775807, retention.ms -> 604800000, segment.bytes -> 104857600, flush.messages -> 9223372036854775807, message.format.version -> 2.7-IV2, max.compaction.lag.ms -> 9223372036854775807, file.delete.delay.ms -> 60000, max.message.bytes -> 1048588, min.compaction.lag.ms -> 0, message.timestamp.type -> CreateTime, preallocate -> false, index.interval.bytes -> 4096, min.cleanable.dirty.ratio -> 0.5, unclean.leader.election.enable -> false, retention.bytes -> -1, delete.retention.ms -> 86400000, segment.ms -> 604800000, message.timestamp.difference.max.ms -> 9223372036854775807, segment.index.bytes -> 10485760}. (kafka.log.LogManager)
[2025-11-15 12:49:09,954] INFO [Partition __consumer_offsets-44 broker=0] No checkpointed highwatermark is found for partition __consumer_offsets-44 (kafka.cluster.Partition)
[2025-11-15 12:49:09,954] INFO [Partition __consumer_offsets-44 broker=0] Log loaded for partition __consumer_offsets-44 with initial high watermark 0 (kafka.cluster.Partition)
[2025-11-15 12:49:09,960] INFO [Log partition=__consumer_offsets-25, dir=/tmp/kafka-logs] Loading producer state till offset 0 with message format version 2 (kafka.log.Log)
[2025-11-15 12:49:09,960] INFO Created log for partition __consumer_offsets-25 in /tmp/kafka-logs/__consumer_offsets-25 with properties {compression.type -> producer, min.insync.replicas -> 1, message.downconversion.enable -> true, segment.jitter.ms -> 0, cleanup.policy -> compact, flush.ms -> 9223372036854775807, retention.ms -> 604800000, segment.bytes -> 104857600, flush.messages -> 9223372036854775807, message.format.version -> 2.7-IV2, max.compaction.lag.ms -> 9223372036854775807, file.delete.delay.ms -> 60000, max.message.bytes -> 1048588, min.compaction.lag.ms -> 0, message.timestamp.type -> CreateTime, preallocate -> false, index.interval.bytes -> 4096, min.cleanable.dirty.ratio -> 0.5, unclean.leader.election.enable -> false, retention.bytes -> -1, delete.retention.ms -> 86400000, segment.ms -> 604800000, message.timestamp.difference.max.ms -> 9223372036854775807, segment.index.bytes -> 10485760}. (kafka.log.LogManager)
[2025-11-15 12:49:09,960] INFO [Partition __consumer_offsets-25 broker=0] No checkpointed highwatermark is found for partition __consumer_offsets-25 (kafka.cluster.Partition)
[2025-11-15 12:49:09,960] INFO [Partition __consumer_offsets-25 broker=0] Log loaded for partition __consumer_offsets-25 with initial high watermark 0 (kafka.cluster.Partition)
[2025-11-15 12:49:09,967] INFO [Log partition=__consumer_offsets-16, dir=/tmp/kafka-logs] Loading producer state till offset 0 with message format version 2 (kafka.log.Log)
[2025-11-15 12:49:09,968] INFO Created log for partition __consumer_offsets-16 in /tmp/kafka-logs/__consumer_offsets-16 with properties {compression.type -> producer, min.insync.replicas -> 1, message.downconversion.enable -> true, segment.jitter.ms -> 0, cleanup.policy -> compact, flush.ms -> 9223372036854775807, retention.ms -> 604800000, segment.bytes -> 104857600, flush.messages -> 9223372036854775807, message.format.version -> 2.7-IV2, max.compaction.lag.ms -> 9223372036854775807, file.delete.delay.ms -> 60000, max.message.bytes -> 1048588, min.compaction.lag.ms -> 0, message.timestamp.type -> CreateTime, preallocate -> false, index.interval.bytes -> 4096, min.cleanable.dirty.ratio -> 0.5, unclean.leader.election.enable -> false, retention.bytes -> -1, delete.retention.ms -> 86400000, segment.ms -> 604800000, message.timestamp.difference.max.ms -> 9223372036854775807, segment.index.bytes -> 10485760}. (kafka.log.LogManager)
[2025-11-15 12:49:09,968] INFO [Partition __consumer_offsets-16 broker=0] No checkpointed highwatermark is found for partition __consumer_offsets-16 (kafka.cluster.Partition)
[2025-11-15 12:49:09,968] INFO [Partition __consumer_offsets-16 broker=0] Log loaded for partition __consumer_offsets-16 with initial high watermark 0 (kafka.cluster.Partition)
[2025-11-15 12:49:09,974] INFO [Log partition=__consumer_offsets-22, dir=/tmp/kafka-logs] Loading producer state till offset 0 with message format version 2 (kafka.log.Log)
[2025-11-15 12:49:09,975] INFO Created log for partition __consumer_offsets-22 in /tmp/kafka-logs/__consumer_offsets-22 with properties {compression.type -> producer, min.insync.replicas -> 1, message.downconversion.enable -> true, segment.jitter.ms -> 0, cleanup.policy -> compact, flush.ms -> 9223372036854775807, retention.ms -> 604800000, segment.bytes -> 104857600, flush.messages -> 9223372036854775807, message.format.version -> 2.7-IV2, max.compaction.lag.ms -> 9223372036854775807, file.delete.delay.ms -> 60000, max.message.bytes -> 1048588, min.compaction.lag.ms -> 0, message.timestamp.type -> CreateTime, preallocate -> false, index.interval.bytes -> 4096, min.cleanable.dirty.ratio -> 0.5, unclean.leader.election.enable -> false, retention.bytes -> -1, delete.retention.ms -> 86400000, segment.ms -> 604800000, message.timestamp.difference.max.ms -> 9223372036854775807, segment.index.bytes -> 10485760}. (kafka.log.LogManager)
[2025-11-15 12:49:09,975] INFO [Partition __consumer_offsets-22 broker=0] No checkpointed highwatermark is found for partition __consumer_offsets-22 (kafka.cluster.Partition)
[2025-11-15 12:49:09,975] INFO [Partition __consumer_offsets-22 broker=0] Log loaded for partition __consumer_offsets-22 with initial high watermark 0 (kafka.cluster.Partition)
[2025-11-15 12:49:09,981] INFO [Log partition=__consumer_offsets-41, dir=/tmp/kafka-logs] Loading producer state till offset 0 with message format version 2 (kafka.log.Log)
[2025-11-15 12:49:09,982] INFO Created log for partition __consumer_offsets-41 in /tmp/kafka-logs/__consumer_offsets-41 with properties {compression.type -> producer, min.insync.replicas -> 1, message.downconversion.enable -> true, segment.jitter.ms -> 0, cleanup.policy -> compact, flush.ms -> 9223372036854775807, retention.ms -> 604800000, segment.bytes -> 104857600, flush.messages -> 9223372036854775807, message.format.version -> 2.7-IV2, max.compaction.lag.ms -> 9223372036854775807, file.delete.delay.ms -> 60000, max.message.bytes -> 1048588, min.compaction.lag.ms -> 0, message.timestamp.type -> CreateTime, preallocate -> false, index.interval.bytes -> 4096, min.cleanable.dirty.ratio -> 0.5, unclean.leader.election.enable -> false, retention.bytes -> -1, delete.retention.ms -> 86400000, segment.ms -> 604800000, message.timestamp.difference.max.ms -> 9223372036854775807, segment.index.bytes -> 10485760}. (kafka.log.LogManager)
[2025-11-15 12:49:09,982] INFO [Partition __consumer_offsets-41 broker=0] No checkpointed highwatermark is found for partition __consumer_offsets-41 (kafka.cluster.Partition)
[2025-11-15 12:49:09,982] INFO [Partition __consumer_offsets-41 broker=0] Log loaded for partition __consumer_offsets-41 with initial high watermark 0 (kafka.cluster.Partition)
[2025-11-15 12:49:09,994] INFO [Log partition=__consumer_offsets-32, dir=/tmp/kafka-logs] Loading producer state till offset 0 with message format version 2 (kafka.log.Log)
[2025-11-15 12:49:09,995] INFO Created log for partition __consumer_offsets-32 in /tmp/kafka-logs/__consumer_offsets-32 with properties {compression.type -> producer, min.insync.replicas -> 1, message.downconversion.enable -> true, segment.jitter.ms -> 0, cleanup.policy -> compact, flush.ms -> 9223372036854775807, retention.ms -> 604800000, segment.bytes -> 104857600, flush.messages -> 9223372036854775807, message.format.version -> 2.7-IV2, max.compaction.lag.ms -> 9223372036854775807, file.delete.delay.ms -> 60000, max.message.bytes -> 1048588, min.compaction.lag.ms -> 0, message.timestamp.type -> CreateTime, preallocate -> false, index.interval.bytes -> 4096, min.cleanable.dirty.ratio -> 0.5, unclean.leader.election.enable -> false, retention.bytes -> -1, delete.retention.ms -> 86400000, segment.ms -> 604800000, message.timestamp.difference.max.ms -> 9223372036854775807, segment.index.bytes -> 10485760}. (kafka.log.LogManager)
[2025-11-15 12:49:09,995] INFO [Partition __consumer_offsets-32 broker=0] No checkpointed highwatermark is found for partition __consumer_offsets-32 (kafka.cluster.Partition)
[2025-11-15 12:49:09,995] INFO [Partition __consumer_offsets-32 broker=0] Log loaded for partition __consumer_offsets-32 with initial high watermark 0 (kafka.cluster.Partition)
[2025-11-15 12:49:10,003] INFO [Log partition=__consumer_offsets-3, dir=/tmp/kafka-logs] Loading producer state till offset 0 with message format version 2 (kafka.log.Log)
[2025-11-15 12:49:10,004] INFO Created log for partition __consumer_offsets-3 in /tmp/kafka-logs/__consumer_offsets-3 with properties {compression.type -> producer, min.insync.replicas -> 1, message.downconversion.enable -> true, segment.jitter.ms -> 0, cleanup.policy -> compact, flush.ms -> 9223372036854775807, retention.ms -> 604800000, segment.bytes -> 104857600, flush.messages -> 9223372036854775807, message.format.version -> 2.7-IV2, max.compaction.lag.ms -> 9223372036854775807, file.delete.delay.ms -> 60000, max.message.bytes -> 1048588, min.compaction.lag.ms -> 0, message.timestamp.type -> CreateTime, preallocate -> false, index.interval.bytes -> 4096, min.cleanable.dirty.ratio -> 0.5, unclean.leader.election.enable -> false, retention.bytes -> -1, delete.retention.ms -> 86400000, segment.ms -> 604800000, message.timestamp.difference.max.ms -> 9223372036854775807, segment.index.bytes -> 10485760}. (kafka.log.LogManager)
[2025-11-15 12:49:10,004] INFO [Partition __consumer_offsets-3 broker=0] No checkpointed highwatermark is found for partition __consumer_offsets-3 (kafka.cluster.Partition)
[2025-11-15 12:49:10,004] INFO [Partition __consumer_offsets-3 broker=0] Log loaded for partition __consumer_offsets-3 with initial high watermark 0 (kafka.cluster.Partition)
[2025-11-15 12:49:10,015] INFO [Log partition=__consumer_offsets-13, dir=/tmp/kafka-logs] Loading producer state till offset 0 with message format version 2 (kafka.log.Log)
[2025-11-15 12:49:10,016] INFO Created log for partition __consumer_offsets-13 in /tmp/kafka-logs/__consumer_offsets-13 with properties {compression.type -> producer, min.insync.replicas -> 1, message.downconversion.enable -> true, segment.jitter.ms -> 0, cleanup.policy -> compact, flush.ms -> 9223372036854775807, retention.ms -> 604800000, segment.bytes -> 104857600, flush.messages -> 9223372036854775807, message.format.version -> 2.7-IV2, max.compaction.lag.ms -> 9223372036854775807, file.delete.delay.ms -> 60000, max.message.bytes -> 1048588, min.compaction.lag.ms -> 0, message.timestamp.type -> CreateTime, preallocate -> false, index.interval.bytes -> 4096, min.cleanable.dirty.ratio -> 0.5, unclean.leader.election.enable -> false, retention.bytes -> -1, delete.retention.ms -> 86400000, segment.ms -> 604800000, message.timestamp.difference.max.ms -> 9223372036854775807, segment.index.bytes -> 10485760}. (kafka.log.LogManager)
[2025-11-15 12:49:10,016] INFO [Partition __consumer_offsets-13 broker=0] No checkpointed highwatermark is found for partition __consumer_offsets-13 (kafka.cluster.Partition)
[2025-11-15 12:49:10,016] INFO [Partition __consumer_offsets-13 broker=0] Log loaded for partition __consumer_offsets-13 with initial high watermark 0 (kafka.cluster.Partition)
[2025-11-15 12:49:10,027] INFO [GroupMetadataManager brokerId=0] Scheduling loading of offsets and group metadata from __consumer_offsets-22 (kafka.coordinator.group.GroupMetadataManager)
[2025-11-15 12:49:10,031] INFO [GroupMetadataManager brokerId=0] Finished loading offsets and group metadata from __consumer_offsets-22 in 4 milliseconds, of which 1 milliseconds was spent in the scheduler. (kafka.coordinator.group.GroupMetadataManager)
[2025-11-15 12:49:10,032] INFO [GroupMetadataManager brokerId=0] Scheduling loading of offsets and group metadata from __consumer_offsets-25 (kafka.coordinator.group.GroupMetadataManager)
[2025-11-15 12:49:10,033] INFO [GroupMetadataManager brokerId=0] Finished loading offsets and group metadata from __consumer_offsets-25 in 1 milliseconds, of which 0 milliseconds was spent in the scheduler. (kafka.coordinator.group.GroupMetadataManager)
[2025-11-15 12:49:10,033] INFO [GroupMetadataManager brokerId=0] Scheduling loading of offsets and group metadata from __consumer_offsets-28 (kafka.coordinator.group.GroupMetadataManager)
[2025-11-15 12:49:10,033] INFO [GroupMetadataManager brokerId=0] Finished loading offsets and group metadata from __consumer_offsets-28 in 0 milliseconds, of which 0 milliseconds was spent in the scheduler. (kafka.coordinator.group.GroupMetadataManager)
[2025-11-15 12:49:10,034] INFO [GroupMetadataManager brokerId=0] Scheduling loading of offsets and group metadata from __consumer_offsets-31 (kafka.coordinator.group.GroupMetadataManager)
[2025-11-15 12:49:10,034] INFO [GroupMetadataManager brokerId=0] Finished loading offsets and group metadata from __consumer_offsets-31 in 0 milliseconds, of which 0 milliseconds was spent in the scheduler. (kafka.coordinator.group.GroupMetadataManager)
[2025-11-15 12:49:10,034] INFO [GroupMetadataManager brokerId=0] Scheduling loading of offsets and group metadata from __consumer_offsets-34 (kafka.coordinator.group.GroupMetadataManager)
[2025-11-15 12:49:10,034] INFO [GroupMetadataManager brokerId=0] Finished loading offsets and group metadata from __consumer_offsets-34 in 0 milliseconds, of which 0 milliseconds was spent in the scheduler. (kafka.coordinator.group.GroupMetadataManager)
[2025-11-15 12:49:10,034] INFO [GroupMetadataManager brokerId=0] Scheduling loading of offsets and group metadata from __consumer_offsets-37 (kafka.coordinator.group.GroupMetadataManager)
[2025-11-15 12:49:10,034] INFO [GroupMetadataManager brokerId=0] Finished loading offsets and group metadata from __consumer_offsets-37 in 0 milliseconds, of which 0 milliseconds was spent in the scheduler. (kafka.coordinator.group.GroupMetadataManager)
[2025-11-15 12:49:10,034] INFO [GroupMetadataManager brokerId=0] Scheduling loading of offsets and group metadata from __consumer_offsets-40 (kafka.coordinator.group.GroupMetadataManager)
[2025-11-15 12:49:10,034] INFO [GroupMetadataManager brokerId=0] Finished loading offsets and group metadata from __consumer_offsets-40 in 0 milliseconds, of which 0 milliseconds was spent in the scheduler. (kafka.coordinator.group.GroupMetadataManager)
[2025-11-15 12:49:10,035] INFO [GroupMetadataManager brokerId=0] Scheduling loading of offsets and group metadata from __consumer_offsets-43 (kafka.coordinator.group.GroupMetadataManager)
[2025-11-15 12:49:10,035] INFO [GroupMetadataManager brokerId=0] Finished loading offsets and group metadata from __consumer_offsets-43 in 0 milliseconds, of which 0 milliseconds was spent in the scheduler. (kafka.coordinator.group.GroupMetadataManager)
[2025-11-15 12:49:10,035] INFO [GroupMetadataManager brokerId=0] Scheduling loading of offsets and group metadata from __consumer_offsets-46 (kafka.coordinator.group.GroupMetadataManager)
[2025-11-15 12:49:10,035] INFO [GroupMetadataManager brokerId=0] Finished loading offsets and group metadata from __consumer_offsets-46 in 0 milliseconds, of which 0 milliseconds was spent in the scheduler. (kafka.coordinator.group.GroupMetadataManager)
[2025-11-15 12:49:10,035] INFO [GroupMetadataManager brokerId=0] Scheduling loading of offsets and group metadata from __consumer_offsets-49 (kafka.coordinator.group.GroupMetadataManager)
[2025-11-15 12:49:10,035] INFO [GroupMetadataManager brokerId=0] Finished loading offsets and group metadata from __consumer_offsets-49 in 0 milliseconds, of which 0 milliseconds was spent in the scheduler. (kafka.coordinator.group.GroupMetadataManager)
[2025-11-15 12:49:10,036] INFO [GroupMetadataManager brokerId=0] Scheduling loading of offsets and group metadata from __consumer_offsets-41 (kafka.coordinator.group.GroupMetadataManager)
[2025-11-15 12:49:10,036] INFO [GroupMetadataManager brokerId=0] Finished loading offsets and group metadata from __consumer_offsets-41 in 0 milliseconds, of which 0 milliseconds was spent in the scheduler. (kafka.coordinator.group.GroupMetadataManager)
[2025-11-15 12:49:10,036] INFO [GroupMetadataManager brokerId=0] Scheduling loading of offsets and group metadata from __consumer_offsets-44 (kafka.coordinator.group.GroupMetadataManager)
[2025-11-15 12:49:10,036] INFO [GroupMetadataManager brokerId=0] Finished loading offsets and group metadata from __consumer_offsets-44 in 0 milliseconds, of which 0 milliseconds was spent in the scheduler. (kafka.coordinator.group.GroupMetadataManager)
[2025-11-15 12:49:10,036] INFO [GroupMetadataManager brokerId=0] Scheduling loading of offsets and group metadata from __consumer_offsets-47 (kafka.coordinator.group.GroupMetadataManager)
[2025-11-15 12:49:10,036] INFO [GroupMetadataManager brokerId=0] Finished loading offsets and group metadata from __consumer_offsets-47 in 0 milliseconds, of which 0 milliseconds was spent in the scheduler. (kafka.coordinator.group.GroupMetadataManager)
[2025-11-15 12:49:10,037] INFO [GroupMetadataManager brokerId=0] Scheduling loading of offsets and group metadata from __consumer_offsets-1 (kafka.coordinator.group.GroupMetadataManager)
[2025-11-15 12:49:10,037] INFO [GroupMetadataManager brokerId=0] Finished loading offsets and group metadata from __consumer_offsets-1 in 0 milliseconds, of which 0 milliseconds was spent in the scheduler. (kafka.coordinator.group.GroupMetadataManager)
[2025-11-15 12:49:10,037] INFO [GroupMetadataManager brokerId=0] Scheduling loading of offsets and group metadata from __consumer_offsets-4 (kafka.coordinator.group.GroupMetadataManager)
[2025-11-15 12:49:10,037] INFO [GroupMetadataManager brokerId=0] Finished loading offsets and group metadata from __consumer_offsets-4 in 0 milliseconds, of which 0 milliseconds was spent in the scheduler. (kafka.coordinator.group.GroupMetadataManager)
[2025-11-15 12:49:10,037] INFO [GroupMetadataManager brokerId=0] Scheduling loading of offsets and group metadata from __consumer_offsets-7 (kafka.coordinator.group.GroupMetadataManager)
[2025-11-15 12:49:10,037] INFO [GroupMetadataManager brokerId=0] Finished loading offsets and group metadata from __consumer_offsets-7 in 0 milliseconds, of which 0 milliseconds was spent in the scheduler. (kafka.coordinator.group.GroupMetadataManager)
[2025-11-15 12:49:10,038] INFO [GroupMetadataManager brokerId=0] Scheduling loading of offsets and group metadata from __consumer_offsets-10 (kafka.coordinator.group.GroupMetadataManager)
[2025-11-15 12:49:10,038] INFO [GroupMetadataManager brokerId=0] Finished loading offsets and group metadata from __consumer_offsets-10 in 0 milliseconds, of which 0 milliseconds was spent in the scheduler. (kafka.coordinator.group.GroupMetadataManager)
[2025-11-15 12:49:10,039] INFO [GroupMetadataManager brokerId=0] Scheduling loading of offsets and group metadata from __consumer_offsets-13 (kafka.coordinator.group.GroupMetadataManager)
[2025-11-15 12:49:10,039] INFO [GroupMetadataManager brokerId=0] Finished loading offsets and group metadata from __consumer_offsets-13 in 0 milliseconds, of which 0 milliseconds was spent in the scheduler. (kafka.coordinator.group.GroupMetadataManager)
[2025-11-15 12:49:10,039] INFO [GroupMetadataManager brokerId=0] Scheduling loading of offsets and group metadata from __consumer_offsets-16 (kafka.coordinator.group.GroupMetadataManager)
[2025-11-15 12:49:10,039] INFO [GroupMetadataManager brokerId=0] Finished loading offsets and group metadata from __consumer_offsets-16 in 0 milliseconds, of which 0 milliseconds was spent in the scheduler. (kafka.coordinator.group.GroupMetadataManager)
[2025-11-15 12:49:10,039] INFO [GroupMetadataManager brokerId=0] Scheduling loading of offsets and group metadata from __consumer_offsets-19 (kafka.coordinator.group.GroupMetadataManager)
[2025-11-15 12:49:10,039] INFO [GroupMetadataManager brokerId=0] Finished loading offsets and group metadata from __consumer_offsets-19 in 0 milliseconds, of which 0 milliseconds was spent in the scheduler. (kafka.coordinator.group.GroupMetadataManager)
[2025-11-15 12:49:10,039] INFO [GroupMetadataManager brokerId=0] Scheduling loading of offsets and group metadata from __consumer_offsets-2 (kafka.coordinator.group.GroupMetadataManager)
[2025-11-15 12:49:10,039] INFO [GroupMetadataManager brokerId=0] Finished loading offsets and group metadata from __consumer_offsets-2 in 0 milliseconds, of which 0 milliseconds was spent in the scheduler. (kafka.coordinator.group.GroupMetadataManager)
[2025-11-15 12:49:10,039] INFO [GroupMetadataManager brokerId=0] Scheduling loading of offsets and group metadata from __consumer_offsets-5 (kafka.coordinator.group.GroupMetadataManager)
[2025-11-15 12:49:10,040] INFO [GroupMetadataManager brokerId=0] Finished loading offsets and group metadata from __consumer_offsets-5 in 1 milliseconds, of which 1 milliseconds was spent in the scheduler. (kafka.coordinator.group.GroupMetadataManager)
[2025-11-15 12:49:10,040] INFO [GroupMetadataManager brokerId=0] Scheduling loading of offsets and group metadata from __consumer_offsets-8 (kafka.coordinator.group.GroupMetadataManager)
[2025-11-15 12:49:10,040] INFO [GroupMetadataManager brokerId=0] Finished loading offsets and group metadata from __consumer_offsets-8 in 0 milliseconds, of which 0 milliseconds was spent in the scheduler. (kafka.coordinator.group.GroupMetadataManager)
[2025-11-15 12:49:10,040] INFO [GroupMetadataManager brokerId=0] Scheduling loading of offsets and group metadata from __consumer_offsets-11 (kafka.coordinator.group.GroupMetadataManager)
[2025-11-15 12:49:10,040] INFO [GroupMetadataManager brokerId=0] Finished loading offsets and group metadata from __consumer_offsets-11 in 0 milliseconds, of which 0 milliseconds was spent in the scheduler. (kafka.coordinator.group.GroupMetadataManager)
[2025-11-15 12:49:10,040] INFO [GroupMetadataManager brokerId=0] Scheduling loading of offsets and group metadata from __consumer_offsets-14 (kafka.coordinator.group.GroupMetadataManager)
[2025-11-15 12:49:10,041] INFO [GroupMetadataManager brokerId=0] Finished loading offsets and group metadata from __consumer_offsets-14 in 1 milliseconds, of which 1 milliseconds was spent in the scheduler. (kafka.coordinator.group.GroupMetadataManager)
[2025-11-15 12:49:10,042] INFO [GroupMetadataManager brokerId=0] Scheduling loading of offsets and group metadata from __consumer_offsets-17 (kafka.coordinator.group.GroupMetadataManager)
[2025-11-15 12:49:10,042] INFO [GroupMetadataManager brokerId=0] Finished loading offsets and group metadata from __consumer_offsets-17 in 0 milliseconds, of which 0 milliseconds was spent in the scheduler. (kafka.coordinator.group.GroupMetadataManager)
[2025-11-15 12:49:10,042] INFO [GroupMetadataManager brokerId=0] Scheduling loading of offsets and group metadata from __consumer_offsets-20 (kafka.coordinator.group.GroupMetadataManager)
[2025-11-15 12:49:10,043] INFO [GroupMetadataManager brokerId=0] Finished loading offsets and group metadata from __consumer_offsets-20 in 1 milliseconds, of which 0 milliseconds was spent in the scheduler. (kafka.coordinator.group.GroupMetadataManager)
[2025-11-15 12:49:10,044] INFO [GroupMetadataManager brokerId=0] Scheduling loading of offsets and group metadata from __consumer_offsets-23 (kafka.coordinator.group.GroupMetadataManager)
[2025-11-15 12:49:10,045] INFO [GroupMetadataManager brokerId=0] Finished loading offsets and group metadata from __consumer_offsets-23 in 0 milliseconds, of which 0 milliseconds was spent in the scheduler. (kafka.coordinator.group.GroupMetadataManager)
[2025-11-15 12:49:10,045] INFO [GroupMetadataManager brokerId=0] Scheduling loading of offsets and group metadata from __consumer_offsets-26 (kafka.coordinator.group.GroupMetadataManager)
[2025-11-15 12:49:10,045] INFO [GroupMetadataManager brokerId=0] Finished loading offsets and group metadata from __consumer_offsets-26 in 0 milliseconds, of which 0 milliseconds was spent in the scheduler. (kafka.coordinator.group.GroupMetadataManager)
[2025-11-15 12:49:10,045] INFO [GroupMetadataManager brokerId=0] Scheduling loading of offsets and group metadata from __consumer_offsets-29 (kafka.coordinator.group.GroupMetadataManager)
[2025-11-15 12:49:10,045] INFO [GroupMetadataManager brokerId=0] Finished loading offsets and group metadata from __consumer_offsets-29 in 0 milliseconds, of which 0 milliseconds was spent in the scheduler. (kafka.coordinator.group.GroupMetadataManager)
[2025-11-15 12:49:10,045] INFO [GroupMetadataManager brokerId=0] Scheduling loading of offsets and group metadata from __consumer_offsets-32 (kafka.coordinator.group.GroupMetadataManager)
[2025-11-15 12:49:10,045] INFO [GroupMetadataManager brokerId=0] Scheduling loading of offsets and group metadata from __consumer_offsets-35 (kafka.coordinator.group.GroupMetadataManager)
[2025-11-15 12:49:10,045] INFO [GroupMetadataManager brokerId=0] Scheduling loading of offsets and group metadata from __consumer_offsets-38 (kafka.coordinator.group.GroupMetadataManager)
[2025-11-15 12:49:10,045] INFO [GroupMetadataManager brokerId=0] Scheduling loading of offsets and group metadata from __consumer_offsets-0 (kafka.coordinator.group.GroupMetadataManager)
[2025-11-15 12:49:10,045] INFO [GroupMetadataManager brokerId=0] Scheduling loading of offsets and group metadata from __consumer_offsets-3 (kafka.coordinator.group.GroupMetadataManager)
[2025-11-15 12:49:10,045] INFO [GroupMetadataManager brokerId=0] Scheduling loading of offsets and group metadata from __consumer_offsets-6 (kafka.coordinator.group.GroupMetadataManager)
[2025-11-15 12:49:10,045] INFO [GroupMetadataManager brokerId=0] Scheduling loading of offsets and group metadata from __consumer_offsets-9 (kafka.coordinator.group.GroupMetadataManager)
[2025-11-15 12:49:10,045] INFO [GroupMetadataManager brokerId=0] Scheduling loading of offsets and group metadata from __consumer_offsets-12 (kafka.coordinator.group.GroupMetadataManager)
[2025-11-15 12:49:10,045] INFO [GroupMetadataManager brokerId=0] Scheduling loading of offsets and group metadata from __consumer_offsets-15 (kafka.coordinator.group.GroupMetadataManager)
[2025-11-15 12:49:10,045] INFO [GroupMetadataManager brokerId=0] Scheduling loading of offsets and group metadata from __consumer_offsets-18 (kafka.coordinator.group.GroupMetadataManager)
[2025-11-15 12:49:10,045] INFO [GroupMetadataManager brokerId=0] Scheduling loading of offsets and group metadata from __consumer_offsets-21 (kafka.coordinator.group.GroupMetadataManager)
[2025-11-15 12:49:10,045] INFO [GroupMetadataManager brokerId=0] Scheduling loading of offsets and group metadata from __consumer_offsets-24 (kafka.coordinator.group.GroupMetadataManager)
[2025-11-15 12:49:10,045] INFO [GroupMetadataManager brokerId=0] Scheduling loading of offsets and group metadata from __consumer_offsets-27 (kafka.coordinator.group.GroupMetadataManager)
[2025-11-15 12:49:10,045] INFO [GroupMetadataManager brokerId=0] Scheduling loading of offsets and group metadata from __consumer_offsets-30 (kafka.coordinator.group.GroupMetadataManager)
[2025-11-15 12:49:10,045] INFO [GroupMetadataManager brokerId=0] Scheduling loading of offsets and group metadata from __consumer_offsets-33 (kafka.coordinator.group.GroupMetadataManager)
[2025-11-15 12:49:10,045] INFO [GroupMetadataManager brokerId=0] Scheduling loading of offsets and group metadata from __consumer_offsets-36 (kafka.coordinator.group.GroupMetadataManager)
[2025-11-15 12:49:10,045] INFO [GroupMetadataManager brokerId=0] Scheduling loading of offsets and group metadata from __consumer_offsets-39 (kafka.coordinator.group.GroupMetadataManager)
[2025-11-15 12:49:10,045] INFO [GroupMetadataManager brokerId=0] Scheduling loading of offsets and group metadata from __consumer_offsets-42 (kafka.coordinator.group.GroupMetadataManager)
[2025-11-15 12:49:10,045] INFO [GroupMetadataManager brokerId=0] Scheduling loading of offsets and group metadata from __consumer_offsets-45 (kafka.coordinator.group.GroupMetadataManager)
[2025-11-15 12:49:10,045] INFO [GroupMetadataManager brokerId=0] Scheduling loading of offsets and group metadata from __consumer_offsets-48 (kafka.coordinator.group.GroupMetadataManager)
[2025-11-15 12:49:10,047] INFO [GroupMetadataManager brokerId=0] Finished loading offsets and group metadata from __consumer_offsets-32 in 1 milliseconds, of which 1 milliseconds was spent in the scheduler. (kafka.coordinator.group.GroupMetadataManager)
[2025-11-15 12:49:10,047] INFO [GroupMetadataManager brokerId=0] Finished loading offsets and group metadata from __consumer_offsets-35 in 2 milliseconds, of which 2 milliseconds was spent in the scheduler. (kafka.coordinator.group.GroupMetadataManager)
[2025-11-15 12:49:10,047] INFO [GroupMetadataManager brokerId=0] Finished loading offsets and group metadata from __consumer_offsets-38 in 2 milliseconds, of which 2 milliseconds was spent in the scheduler. (kafka.coordinator.group.GroupMetadataManager)
[2025-11-15 12:49:10,047] INFO [GroupMetadataManager brokerId=0] Finished loading offsets and group metadata from __consumer_offsets-0 in 2 milliseconds, of which 2 milliseconds was spent in the scheduler. (kafka.coordinator.group.GroupMetadataManager)
[2025-11-15 12:49:10,047] INFO [GroupMetadataManager brokerId=0] Finished loading offsets and group metadata from __consumer_offsets-3 in 2 milliseconds, of which 2 milliseconds was spent in the scheduler. (kafka.coordinator.group.GroupMetadataManager)
[2025-11-15 12:49:10,047] INFO [GroupMetadataManager brokerId=0] Finished loading offsets and group metadata from __consumer_offsets-6 in 2 milliseconds, of which 2 milliseconds was spent in the scheduler. (kafka.coordinator.group.GroupMetadataManager)
[2025-11-15 12:49:10,047] INFO [GroupMetadataManager brokerId=0] Finished loading offsets and group metadata from __consumer_offsets-9 in 2 milliseconds, of which 2 milliseconds was spent in the scheduler. (kafka.coordinator.group.GroupMetadataManager)
[2025-11-15 12:49:10,047] INFO [GroupMetadataManager brokerId=0] Finished loading offsets and group metadata from __consumer_offsets-12 in 2 milliseconds, of which 2 milliseconds was spent in the scheduler. (kafka.coordinator.group.GroupMetadataManager)
[2025-11-15 12:49:10,047] INFO [GroupMetadataManager brokerId=0] Finished loading offsets and group metadata from __consumer_offsets-15 in 2 milliseconds, of which 2 milliseconds was spent in the scheduler. (kafka.coordinator.group.GroupMetadataManager)
[2025-11-15 12:49:10,047] INFO [GroupMetadataManager brokerId=0] Finished loading offsets and group metadata from __consumer_offsets-18 in 2 milliseconds, of which 2 milliseconds was spent in the scheduler. (kafka.coordinator.group.GroupMetadataManager)
[2025-11-15 12:49:10,049] INFO [GroupMetadataManager brokerId=0] Finished loading offsets and group metadata from __consumer_offsets-21 in 4 milliseconds, of which 2 milliseconds was spent in the scheduler. (kafka.coordinator.group.GroupMetadataManager)
[2025-11-15 12:49:10,050] INFO [GroupMetadataManager brokerId=0] Finished loading offsets and group metadata from __consumer_offsets-24 in 5 milliseconds, of which 4 milliseconds was spent in the scheduler. (kafka.coordinator.group.GroupMetadataManager)
[2025-11-15 12:49:10,050] INFO [GroupMetadataManager brokerId=0] Finished loading offsets and group metadata from __consumer_offsets-27 in 5 milliseconds, of which 5 milliseconds was spent in the scheduler. (kafka.coordinator.group.GroupMetadataManager)
[2025-11-15 12:49:10,050] INFO [GroupMetadataManager brokerId=0] Finished loading offsets and group metadata from __consumer_offsets-30 in 5 milliseconds, of which 5 milliseconds was spent in the scheduler. (kafka.coordinator.group.GroupMetadataManager)
[2025-11-15 12:49:10,050] INFO [GroupMetadataManager brokerId=0] Finished loading offsets and group metadata from __consumer_offsets-33 in 5 milliseconds, of which 5 milliseconds was spent in the scheduler. (kafka.coordinator.group.GroupMetadataManager)
[2025-11-15 12:49:10,050] INFO [GroupMetadataManager brokerId=0] Finished loading offsets and group metadata from __consumer_offsets-36 in 5 milliseconds, of which 5 milliseconds was spent in the scheduler. (kafka.coordinator.group.GroupMetadataManager)
[2025-11-15 12:49:10,050] INFO [GroupMetadataManager brokerId=0] Finished loading offsets and group metadata from __consumer_offsets-39 in 5 milliseconds, of which 5 milliseconds was spent in the scheduler. (kafka.coordinator.group.GroupMetadataManager)
[2025-11-15 12:49:10,050] INFO [GroupMetadataManager brokerId=0] Finished loading offsets and group metadata from __consumer_offsets-42 in 5 milliseconds, of which 5 milliseconds was spent in the scheduler. (kafka.coordinator.group.GroupMetadataManager)
[2025-11-15 12:49:10,050] INFO [GroupMetadataManager brokerId=0] Finished loading offsets and group metadata from __consumer_offsets-45 in 5 milliseconds, of which 5 milliseconds was spent in the scheduler. (kafka.coordinator.group.GroupMetadataManager)
[2025-11-15 12:49:10,050] INFO [GroupMetadataManager brokerId=0] Finished loading offsets and group metadata from __consumer_offsets-48 in 4 milliseconds, of which 4 milliseconds was spent in the scheduler. (kafka.coordinator.group.GroupMetadataManager)
[2025-11-15 12:49:10,095] INFO [GroupCoordinator 0]: Preparing to rebalance group 1 in state PreparingRebalance with old generation 0 (__consumer_offsets-49) (reason: Adding new member rdkafka-6a6c9867-87ad-4b5c-b660-30b6e9bc80f8 with group instance id None) (kafka.coordinator.group.GroupCoordinator)
[2025-11-15 12:49:10,118] INFO [GroupCoordinator 0]: Stabilized group 1 generation 1 (__consumer_offsets-49) (kafka.coordinator.group.GroupCoordinator)
[2025-11-15 12:49:10,125] INFO [GroupCoordinator 0]: Assignment received from leader for group 1 for generation 1 (kafka.coordinator.group.GroupCoordinator)
[2025-11-15 12:49:10,197] INFO [GroupCoordinator 0]: Preparing to rebalance group 3 in state PreparingRebalance with old generation 0 (__consumer_offsets-1) (reason: Adding new member rdkafka-f1d743a6-3259-4ff6-8865-894969b4e16b with group instance id None) (kafka.coordinator.group.GroupCoordinator)
[2025-11-15 12:49:10,197] INFO [GroupCoordinator 0]: Stabilized group 3 generation 1 (__consumer_offsets-1) (kafka.coordinator.group.GroupCoordinator)
[2025-11-15 12:49:10,199] INFO [GroupCoordinator 0]: Assignment received from leader for group 3 for generation 1 (kafka.coordinator.group.GroupCoordinator)
[2025-11-15 12:49:10,622] INFO [GroupCoordinator 0]: Preparing to rebalance group 2 in state PreparingRebalance with old generation 0 (__consumer_offsets-0) (reason: Adding new member rdkafka-030a4e40-73c3-499b-a350-01703ce23291 with group instance id None) (kafka.coordinator.group.GroupCoordinator)
[2025-11-15 12:49:10,623] INFO [GroupCoordinator 0]: Stabilized group 2 generation 1 (__consumer_offsets-0) (kafka.coordinator.group.GroupCoordinator)
[2025-11-15 12:49:10,625] INFO [GroupCoordinator 0]: Assignment received from leader for group 2 for generation 1 (kafka.coordinator.group.GroupCoordinator)
[2025-11-15 12:49:10,738] INFO [GroupCoordinator 0]: Preparing to rebalance group 4 in state PreparingRebalance with old generation 0 (__consumer_offsets-2) (reason: Adding new member rdkafka-9f00d9f1-8eb4-4c9d-9fd1-2cb22f5862d7 with group instance id None) (kafka.coordinator.group.GroupCoordinator)
[2025-11-15 12:49:10,739] INFO [GroupCoordinator 0]: Stabilized group 4 generation 1 (__consumer_offsets-2) (kafka.coordinator.group.GroupCoordinator)
[2025-11-15 12:49:10,742] INFO [GroupCoordinator 0]: Assignment received from leader for group 4 for generation 1 (kafka.coordinator.group.GroupCoordinator)
[2025-11-15 12:49:10,746] INFO [GroupCoordinator 0]: Preparing to rebalance group 4 in state PreparingRebalance with old generation 1 (__consumer_offsets-2) (reason: leader rdkafka-9f00d9f1-8eb4-4c9d-9fd1-2cb22f5862d7 re-joining group during Stable) (kafka.coordinator.group.GroupCoordinator)
[2025-11-15 12:49:10,747] INFO [GroupCoordinator 0]: Stabilized group 4 generation 2 (__consumer_offsets-2) (kafka.coordinator.group.GroupCoordinator)
[2025-11-15 12:49:10,754] INFO [GroupCoordinator 0]: Assignment received from leader for group 4 for generation 2 (kafka.coordinator.group.GroupCoordinator)
